name,Season,Lg,Tm,W,L,Finish,G,MP,FG	,FGA,FG%,3P,3PA,3P%,2P,2PA,2P%,FT,FTA,FT%,ORB,DRB,TRB,AST,STL,BLK,TOV,PF,PTS
Atlanta Hawks,2020-21,NBA,ATL,41,31,1,72,17405,2971,6418,.463,858,2460,.349,2113,3958,.534,1219,1519,.803,719,2352,3071,1754,557,363,886,1422,8019
Atlanta Hawks,2019-20,NBA,ATL,20,47,5,67,16280,2903,6078,.478,797,2194,.363,2106,3884,.542,1419,1839,.772,748,2402,3150,1674,600,428,1006,1404,8022
Atlanta Hawks,2018-19,NBA,ATL,29,53,5,82,19855,3508,7417,.473,1013,2820,.359,2495,4597,.543,1759,2321,.758,871,2904,3775,2202,810,448,1234,1817,9788
Atlanta Hawks,2017-18,NBA,ATL,24,58,5,82,19705,3336,7107,.469,949,2519,.377,2387,4588,.520,1301,1686,.772,841,2785,3626,2137,710,453,1238,1661,8922
Atlanta Hawks,2016-17,NBA,ATL,43,39,2,82,19880,3178,7155,.444,893,2502,.357,2285,4653,.491,1280,1658,.772,876,2722,3598,1919,738,424,1262,1768,8529
Atlanta Hawks,2015-16,NBA,ATL,48,34,2,82,19830,3046,7058,.432,679,2008,.338,2367,5050,.469,1366,1810,.755,944,2869,3813,1808,706,411,1324,1500,8137
Atlanta Hawks,2014-15,NBA,ATL,60,22,1,82,19730,2991,6815,.439,720,2112,.341,2271,4703,.483,1262,1651,.764,948,2631,3579,1931,604,404,1317,1611,7964
Atlanta Hawks,2013-14,NBA,ATL,38,44,4,82,19830,3163,6843,.462,654,1793,.365,2509,5050,.497,1341,1793,.748,882,2688,3570,1901,672,354,1247,1643,8321
Atlanta Hawks,2012-13,NBA,ATL,44,38,2,82,19855,3073,6823,.450,620,1635,.379,2453,5188,.473,1233,1617,.763,928,2659,3587,1825,689,350,1249,1543,7999
Atlanta Hawks,2011-12,NBA,ATL,40,26,2,66,16165,2380,5366,.444,391,1137,.344,1989,4229,.470,997,1324,.753,712,2079,2791,1354,494,313,999,1263,6148
Atlanta Hawks,2010-11,NBA,ATL,44,38,3,82,19730,3009,6537,.460,459,1358,.338,2550,5179,.492,1380,1782,.774,839,2488,3327,1751,548,348,1026,1517,7857
Atlanta Hawks,2009-10,NBA,ATL,53,29,2,82,19855,3048,6623,.460,480,1392,.345,2568,5231,.491,1380,1852,.745,922,2471,3393,1719,506,359,1135,1582,7956
Washington Wizards,2020-21,NBA,WAS,34,38,3,72,17405,3103,6594,.471,896,2425,.369,2207,4169,.529,1428,1828,.781,738,2580,3318,1762,587,348,1056,1586,8530
Washington Wizards,2019-20,NBA,WAS,25,47,4,72,17355,3104,6363,.488,896,2386,.376,2208,3977,.555,1470,1890,.778,753,2572,3325,1814,541,363,1163,1601,8574
Washington Wizards,2018-19,NBA,WAS,32,50,4,82,19930,3560,7424,.480,994,2689,.370,2566,4735,.542,1474,1895,.778,936,2939,3875,2151,631,378,1292,1741,9588
Washington Wizards,2017-18,NBA,WAS,43,39,2,82,19855,3195,6918,.462,835,2393,.349,2360,4525,.522,1469,1931,.761,805,2682,3487,1831,641,383,1224,1639,8694
Washington Wizards,2016-17,NBA,WAS,49,33,1,82,19855,3253,6978,.466,810,2224,.364,2443,4754,.514,1489,1982,.751,868,2661,3529,1870,606,377,1257,1621,8805
Washington Wizards,2015-16,NBA,WAS,41,41,4,82,19755,3170,6868,.462,737,1987,.371,2433,4881,.498,1498,1947,.769,773,2858,3631,1846,661,356,1325,1651,8575
Washington Wizards,2014-15,NBA,WAS,46,36,2,82,19955,2965,6844,.433,657,1885,.349,2308,4959,.465,1434,1942,.738,821,2599,3420,1634,655,350,1145,1610,8021
Washington Wizards,2013-14,NBA,WAS,44,38,2,82,20055,3038,6632,.458,612,1763,.347,2426,4869,.498,1462,1912,.765,827,2633,3460,1824,631,320,1314,1600,8150
Washington Wizards,2012-13,NBA,WAS,29,53,3,82,19855,2944,6697,.440,586,1680,.349,2358,5017,.470,1378,1867,.738,903,2719,3622,1767,639,358,1193,1569,7852
Washington Wizards,2011-12,NBA,WAS,20,46,4,66,15865,2422,5352,.453,426,1216,.350,1996,4136,.483,1227,1618,.758,811,2062,2873,1420,520,300,1004,1231,6497
Washington Wizards,2010-11,NBA,WAS,23,59,5,82,19930,3174,6741,.471,560,1500,.373,2614,5241,.499,1676,2202,.761,994,2607,3601,1898,624,413,1293,1662,8584
Washington Wizards,2009-10,NBA,WAS,26,56,5,82,19830,3083,6664,.463,528,1466,.360,2555,5198,.492,1590,2088,.761,935,2530,3465,1772,569,415,1115,1684,8284
Utah Jazz,2020-21,NBA,UTA,52,20,1,72,17355,2943,6581,.447,783,2293,.341,2160,4288,.504,1047,1364,.768,706,2362,3068,1604,554,282,827,1365,7716
Utah Jazz,2019-20,NBA,UTA,44,28,3,72,17355,2930,6417,.457,790,2235,.353,2140,4182,.512,1185,1545,.767,688,2386,3074,1548,566,329,889,1501,7835
Utah Jazz,2018-19,NBA,UTA,50,32,3,82,19755,3276,7253,.452,806,2273,.355,2470,4980,.496,1372,1822,.753,733,2762,3495,1770,695,376,1136,1835,8730
Utah Jazz,2017-18,NBA,UTA,48,34,3,82,19755,3057,6804,.449,778,2131,.365,2279,4673,.488,1295,1680,.771,710,2702,3412,1636,678,380,1224,1683,8187
Utah Jazz,2016-17,NBA,UTA,51,31,1,82,19755,2978,6723,.443,671,1874,.358,2307,4849,.476,1308,1701,.769,742,2554,3296,1463,598,312,995,1655,7935
Utah Jazz,2015-16,NBA,UTA,40,42,3,82,19955,2920,6549,.446,649,1819,.357,2271,4730,.480,1374,1842,.746,764,2522,3286,1568,652,385,1146,1629,7863
Utah Jazz,2014-15,NBA,UTA,38,44,3,82,19705,2935,6587,.446,604,1670,.362,2331,4917,.474,1309,1760,.744,811,2406,3217,1594,674,382,1076,1604,7783
Utah Jazz,2013-14,NBA,UTA,25,57,5,82,19780,3138,6639,.473,599,1591,.376,2539,5048,.503,1504,1945,.773,846,2640,3486,1788,617,401,1034,1673,8379
Utah Jazz,2012-13,NBA,UTA,43,39,3,82,19880,3003,6550,.458,560,1513,.370,2443,5037,.485,1479,1953,.757,901,2446,3347,1689,640,480,1206,1670,8045
Utah Jazz,2011-12,NBA,UTA,36,30,3,66,16165,2403,5310,.453,428,1259,.340,1975,4051,.488,1302,1727,.754,728,1988,2716,1355,494,375,968,1366,6536
Utah Jazz,2010-11,NBA,UTA,39,43,4,82,19880,2967,6460,.459,592,1573,.376,2375,4887,.486,1777,2285,.778,925,2426,3351,1700,609,411,1199,1802,8303
Utah Jazz,2009-10,NBA,UTA,53,29,2,82,19755,2908,6471,.449,552,1559,.354,2356,4912,.480,1741,2286,.762,837,2376,3213,1628,632,445,1238,1818,8109
Toronto Raptors,2020-21,NBA,TOR,27,45,5,72,17305,2809,6099,.461,1001,2641,.379,1808,3458,.523,1426,1785,.799,720,2582,3302,1872,477,402,1161,1405,8045
Toronto Raptors,2019-20,NBA,TOR,53,19,1,72,17380,2721,6359,.428,943,2798,.337,1778,3561,.499,1284,1670,.769,786,2530,3316,1841,520,395,1212,1466,7669
Toronto Raptors,2018-19,NBA,TOR,58,24,1,82,19880,3302,7352,.449,882,2559,.345,2420,4793,.505,1399,1829,.765,867,2804,3671,2012,622,368,1225,1683,8885
Toronto Raptors,2017-18,NBA,TOR,59,23,1,82,19830,3149,7017,.449,731,2046,.357,2418,4971,.486,1489,1941,.767,806,2672,3478,1785,588,401,1176,1633,8518
Toronto Raptors,2016-17,NBA,TOR,51,31,2,82,19780,3052,6801,.449,794,2240,.354,2258,4561,.495,1519,1948,.780,831,2619,3450,1786,547,392,1200,1666,8417
Toronto Raptors,2015-16,NBA,TOR,56,26,1,82,19780,2991,6732,.444,717,1922,.373,2274,4810,.473,1354,1809,.748,782,2561,3343,1781,534,442,1094,1801,8053
Toronto Raptors,2014-15,NBA,TOR,49,33,1,82,19855,3116,6787,.459,633,1828,.346,2483,4959,.501,1410,1923,.733,922,2559,3481,1870,567,413,1182,1668,8275
Toronto Raptors,2013-14,NBA,TOR,48,34,1,82,19955,2957,6573,.450,568,1578,.360,2389,4995,.478,1557,2071,.752,854,2505,3359,1719,596,352,1224,1815,8039
Toronto Raptors,2012-13,NBA,TOR,34,48,5,82,19980,2971,6493,.458,546,1511,.361,2425,4982,.487,1604,2148,.747,877,2544,3421,1796,578,387,1169,1650,8092
Toronto Raptors,2011-12,NBA,TOR,23,43,4,66,15965,2234,5130,.435,401,1224,.328,1833,3906,.469,1335,1795,.744,677,1997,2674,1327,478,322,870,1214,6204
Toronto Raptors,2010-11,NBA,TOR,22,60,5,82,19780,3213,6668,.482,541,1438,.376,2672,5230,.511,1672,2175,.769,912,2457,3369,1854,625,456,1141,1620,8639
Toronto Raptors,2009-10,NBA,TOR,40,42,2,82,19780,3194,6824,.468,609,1665,.366,2585,5159,.501,1683,2146,.784,933,2453,3386,1889,580,360,1040,1730,8680
San Antonio Spurs,2020-21,NBA,SAS,33,39,3,72,17480,3055,6469,.472,885,2350,.377,2170,4119,.527,1128,1489,.758,732,2681,3413,1784,454,369,949,1338,8123
San Antonio Spurs,2019-20,NBA,SAS,32,39,4,71,17215,3004,6402,.469,931,2493,.373,2073,3909,.530,1238,1594,.777,665,2551,3216,1825,486,308,937,1424,8177
San Antonio Spurs,2018-19,NBA,SAS,48,34,2,82,19805,3404,7354,.463,961,2678,.359,2443,4676,.522,1249,1654,.755,756,2844,3600,2025,589,332,999,1611,9018
San Antonio Spurs,2017-18,NBA,SAS,47,35,3,82,19730,3131,6911,.453,750,2154,.348,2381,4757,.501,1175,1549,.759,756,2731,3487,1786,622,318,1155,1619,8187
San Antonio Spurs,2016-17,NBA,SAS,61,21,1,82,19805,3032,6839,.443,668,1942,.344,2364,4897,.483,1315,1705,.771,800,2600,3400,1757,614,333,1184,1623,8047
San Antonio Spurs,2015-16,NBA,SAS,67,15,1,82,19705,2928,6709,.436,541,1634,.331,2387,5075,.470,1221,1611,.758,747,2576,3323,1707,592,317,1214,1597,7618
San Antonio Spurs,2014-15,NBA,SAS,55,27,3,82,19955,3044,6861,.444,558,1550,.360,2486,5311,.468,1307,1754,.745,813,2643,3456,1699,648,362,1167,1613,7953
San Antonio Spurs,2013-14,NBA,SAS,62,20,1,82,19755,3096,6976,.444,529,1500,.353,2567,5476,.469,1285,1691,.760,862,2600,3462,1669,628,379,1137,1585,8006
San Antonio Spurs,2012-13,NBA,SAS,58,24,1,82,19880,3079,6960,.442,519,1471,.353,2560,5489,.466,1246,1639,.760,912,2577,3489,1756,675,405,1221,1565,7923
San Antonio Spurs,2011-12,NBA,SAS,50,16,1,66,15940,2512,5560,.452,412,1166,.353,2100,4394,.478,932,1233,.756,680,2039,2719,1291,489,330,906,1244,6368
San Antonio Spurs,2010-11,NBA,SAS,61,21,1,82,19780,3127,6860,.456,479,1305,.367,2648,5555,.477,1301,1698,.766,884,2494,3378,1685,567,374,1095,1701,8034
San Antonio Spurs,2009-10,NBA,SAS,50,32,2,82,19780,3025,6691,.452,412,1200,.343,2613,5491,.476,1433,1896,.756,814,2427,3241,1576,567,417,1032,1672,7895
Sacramento Kings,2020-21,NBA,SAC,31,41,5,72,17305,3139,6438,.488,893,2349,.380,2246,4089,.549,1283,1631,.787,767,2489,3256,1823,545,336,988,1348,8454
Sacramento Kings,2019-20,NBA,SAC,31,41,4,72,17455,2898,6158,.471,894,2506,.357,2004,3652,.549,1384,1752,.790,654,2481,3135,1791,557,304,1094,1404,8074
Sacramento Kings,2018-19,NBA,SAC,39,43,3,82,19730,3465,7430,.466,986,2837,.348,2479,4593,.540,1539,1998,.770,917,3015,3932,2024,618,420,1304,1753,9455
Sacramento Kings,2017-18,NBA,SAC,27,55,4,82,19755,3177,6759,.470,976,2586,.377,2201,4173,.527,1347,1760,.765,745,2843,3588,1939,636,389,1176,1422,8677
Sacramento Kings,2016-17,NBA,SAC,32,50,3,82,19880,3153,6824,.462,896,2462,.364,2257,4362,.517,1546,1988,.778,826,2689,3515,1941,694,420,1145,1646,8748
Sacramento Kings,2015-16,NBA,SAC,33,49,3,82,19805,3327,7194,.462,839,2293,.366,2488,4901,.508,1450,1902,.762,926,2765,3691,1986,722,437,1308,1800,8943
Sacramento Kings,2014-15,NBA,SAC,29,53,4,82,19855,3238,7094,.456,718,2055,.349,2520,5039,.500,1420,1898,.748,898,2479,3377,1912,712,508,1059,1958,8614
Sacramento Kings,2013-14,NBA,SAC,28,54,4,82,19830,3103,6734,.461,696,1833,.380,2407,4901,.491,1577,2139,.737,813,2568,3381,1927,637,459,1116,1897,8479
Sacramento Kings,2012-13,NBA,SAC,28,54,4,82,19830,3222,6831,.472,625,1762,.355,2597,5069,.512,1550,1980,.783,973,2601,3574,2058,624,517,1208,1636,8619
Sacramento Kings,2011-12,NBA,SAC,22,44,5,66,15915,2668,5609,.476,439,1236,.355,2229,4373,.510,1118,1468,.762,815,2154,2969,1571,518,423,1014,1313,6893
Sacramento Kings,2010-11,NBA,SAC,24,58,5,82,19855,3260,6826,.478,480,1353,.355,2780,5473,.508,1589,2085,.762,868,2508,3376,1779,666,464,1204,1723,8589
Sacramento Kings,2009-10,NBA,SAC,25,57,5,82,19880,3199,6828,.469,497,1391,.357,2702,5437,.497,1663,2149,.774,909,2538,3447,1683,586,468,1120,1650,8558
Portland Trail Blazers,2020-21,NBA,POR,42,30,3,72,17305,3007,6355,.473,928,2494,.372,2079,3861,.538,1289,1638,.787,710,2558,3268,1794,440,333,892,1374,8231
Portland Trail Blazers,2019-20,NBA,POR,35,39,4,74,17835,3090,6781,.456,1003,2619,.383,2087,4162,.501,1410,1828,.771,852,2617,3469,1840,502,364,953,1488,8593
Portland Trail Blazers,2018-19,NBA,POR,53,29,2,82,19855,3371,7384,.457,878,2443,.359,2493,4941,.505,1438,1868,.770,842,2670,3512,1906,603,420,1014,1699,9058
Portland Trail Blazers,2017-18,NBA,POR,49,33,1,82,19755,3146,7042,.447,794,2179,.364,2352,4863,.484,1362,1803,.755,763,2755,3518,1655,602,418,1036,1564,8448
Portland Trail Blazers,2016-17,NBA,POR,41,41,3,82,19930,3213,7069,.455,762,2058,.370,2451,5011,.489,1706,2173,.785,830,2778,3608,1688,633,431,1052,1624,8894
Portland Trail Blazers,2015-16,NBA,POR,44,38,2,82,19805,3146,6945,.453,700,1888,.371,2446,5057,.484,1562,2129,.734,867,2716,3583,1770,630,424,1088,1597,8554
Portland Trail Blazers,2014-15,NBA,POR,51,31,1,82,19855,3130,7123,.439,524,1552,.338,2606,5571,.468,1298,1713,.758,902,2754,3656,1669,655,297,999,1534,8082
Portland Trail Blazers,2013-14,NBA,POR,54,28,2,82,19855,3248,7203,.451,534,1504,.355,2714,5699,.476,1396,1822,.766,944,2622,3566,1675,639,304,985,1698,8426
Portland Trail Blazers,2012-13,NBA,POR,33,49,4,82,19855,3224,6807,.474,521,1531,.340,2703,5276,.512,1286,1690,.761,901,2578,3479,1944,691,359,1074,1537,8255
Portland Trail Blazers,2011-12,NBA,POR,28,38,4,66,15965,2476,5349,.463,442,1217,.363,2034,4132,.492,1062,1421,.747,730,2062,2792,1392,499,314,982,1306,6456
Portland Trail Blazers,2010-11,NBA,POR,48,34,3,82,19805,2904,6218,.467,529,1440,.367,2375,4778,.497,1434,1869,.767,868,2385,3253,1573,566,339,1286,1743,7771
Portland Trail Blazers,2009-10,NBA,POR,50,32,3,82,19855,2950,6352,.464,480,1399,.343,2470,4953,.499,1394,1870,.745,801,2322,3123,1583,485,333,1104,1767,7774
Phoenix Suns,2020-21,NBA,PHO,51,21,1,72,17480,2916,6248,.467,836,2359,.354,2080,3889,.535,1213,1560,.778,674,2401,3075,1652,498,258,981,1294,7881
Phoenix Suns,2019-20,NBA,PHO,34,39,3,73,17595,3011,6378,.472,848,2335,.363,2163,4043,.535,1408,1787,.788,664,2497,3161,1723,576,401,1139,1653,8278
Phoenix Suns,2018-19,NBA,PHO,19,63,5,82,19880,3482,7230,.482,912,2454,.372,2570,4776,.538,1705,2263,.753,971,2897,3868,2126,737,411,1285,1694,9581
Phoenix Suns,2017-18,NBA,PHO,21,61,5,82,19705,3426,7274,.471,895,2398,.373,2531,4876,.519,1543,2014,.766,855,2906,3761,1910,712,488,1099,1715,9290
Phoenix Suns,2016-17,NBA,PHO,24,58,5,82,19830,3300,7070,.467,825,2159,.382,2475,4911,.504,1868,2387,.783,840,2772,3612,1818,663,435,1222,1822,9293
Phoenix Suns,2015-16,NBA,PHO,23,59,4,82,19705,3208,6870,.467,770,2041,.377,2438,4829,.505,1631,2177,.749,813,2770,3583,1837,782,449,1224,1770,8817
Phoenix Suns,2014-15,NBA,PHO,39,43,3,82,19880,3149,6972,.452,633,1798,.352,2516,5174,.486,1540,2030,.759,951,2766,3717,1734,651,337,1276,1664,8471
Phoenix Suns,2013-14,NBA,PHO,48,34,3,82,19755,3118,6840,.456,556,1632,.341,2562,5208,.492,1621,2115,.766,926,2586,3512,1664,613,332,1258,1749,8413
Phoenix Suns,2012-13,NBA,PHO,25,57,5,82,19805,3181,6771,.470,568,1464,.388,2613,5307,.492,1405,1855,.757,958,2598,3556,1870,684,421,1258,1511,8335
Phoenix Suns,2011-12,NBA,PHO,33,33,3,66,15840,2505,5510,.455,398,1131,.352,2107,4379,.481,1100,1444,.762,802,2064,2866,1416,526,288,929,1293,6508
Phoenix Suns,2010-11,NBA,PHO,40,42,2,82,20005,3309,7018,.472,585,1595,.367,2724,5423,.502,1481,1964,.754,985,2647,3632,1890,644,356,1189,1740,8684
Phoenix Suns,2009-10,NBA,PHO,54,28,2,82,19730,3235,7165,.452,561,1582,.355,2674,5583,.479,1606,2114,.760,1081,2391,3472,1704,646,365,1065,1789,8637
Philadelphia 76ers,2020-21,NBA,PHI,49,23,1,72,17430,2835,6259,.453,857,2378,.360,1978,3881,.510,1253,1640,.764,702,2388,3090,1694,521,335,1122,1509,7780
Philadelphia 76ers,2019-20,NBA,PHI,43,30,3,73,17595,2905,6275,.463,759,2148,.353,2146,4127,.520,1341,1786,.751,628,2426,3054,1661,510,294,1009,1493,7910
Philadelphia 76ers,2018-19,NBA,PHI,51,31,2,82,19805,3418,7506,.455,843,2464,.342,2575,5042,.511,1545,2011,.768,823,2743,3566,1917,634,336,1045,1816,9224
Philadelphia 76ers,2017-18,NBA,PHI,52,30,3,82,19780,3120,7185,.434,829,2427,.342,2291,4758,.482,1566,2102,.745,818,2641,3459,1782,697,417,1173,1670,8635
Philadelphia 76ers,2016-17,NBA,PHI,28,54,4,82,19830,3244,7043,.461,729,2044,.357,2515,4999,.503,1650,2135,.773,886,2802,3688,1859,704,446,1241,1610,8867
Philadelphia 76ers,2015-16,NBA,PHI,10,72,5,82,19805,3253,7005,.464,638,1776,.359,2615,5229,.500,1683,2141,.786,913,2987,3900,1919,711,466,1241,1571,8827
Philadelphia 76ers,2014-15,NBA,PHI,18,64,4,82,19805,3045,6785,.449,658,1879,.350,2387,4906,.487,1530,2023,.756,940,2853,3793,1942,779,454,1374,1657,8278
Philadelphia 76ers,2013-14,NBA,PHI,19,63,5,82,19855,3284,6975,.471,739,1998,.370,2545,4977,.511,1705,2261,.754,976,2871,3847,2144,736,558,1391,1686,9012
Philadelphia 76ers,2012-13,NBA,PHI,34,48,4,82,19755,3017,6643,.454,549,1574,.349,2468,5069,.487,1331,1752,.760,903,2704,3607,1870,590,396,1175,1331,7914
Philadelphia 76ers,2011-12,NBA,PHI,35,31,3,66,15915,2263,5302,.427,357,1070,.334,1906,4232,.450,1017,1352,.752,706,2181,2887,1293,391,316,918,1070,5900
Philadelphia 76ers,2010-11,NBA,PHI,41,41,3,82,19930,2996,6638,.451,468,1375,.340,2528,5263,.480,1536,1987,.773,881,2608,3489,1762,583,376,1168,1544,7996
Philadelphia 76ers,2009-10,NBA,PHI,27,55,4,82,19805,3105,6573,.472,606,1542,.393,2499,5031,.497,1518,1983,.766,888,2470,3358,1810,621,332,1189,1534,8334
Orlando Magic,2020-21,NBA,ORL,21,51,5,72,17330,3039,6456,.471,987,2649,.373,2052,3807,.539,1093,1390,.786,704,2706,3410,1874,548,384,917,1343,8158
Orlando Magic,2019-20,NBA,ORL,33,40,2,73,17570,2949,6343,.465,893,2453,.364,2056,3890,.529,1114,1445,.771,660,2616,3276,1804,511,338,1065,1420,7905
Orlando Magic,2018-19,NBA,ORL,42,40,1,82,19780,3274,7185,.456,858,2475,.347,2416,4710,.513,1336,1717,.778,739,2922,3661,1892,575,362,1064,1537,8742
Orlando Magic,2017-18,NBA,ORL,25,57,4,82,19730,3355,7176,.468,819,2260,.362,2536,4916,.516,1345,1741,.773,868,2892,3760,1998,639,402,1166,1556,8874
Orlando Magic,2016-17,NBA,ORL,29,53,5,82,19805,3304,7081,.467,794,2161,.367,2510,4920,.510,1425,1860,.766,799,2934,3733,1936,622,419,1069,1532,8827
Orlando Magic,2015-16,NBA,ORL,35,47,5,82,19905,3150,6850,.460,732,2041,.359,2418,4809,.503,1470,1971,.746,832,2800,3632,1899,620,448,1240,1497,8502
Orlando Magic,2014-15,NBA,ORL,25,57,5,82,19755,3112,6720,.463,682,1853,.368,2430,4867,.499,1410,1878,.751,825,2739,3564,1921,635,441,1185,1467,8316
Orlando Magic,2013-14,NBA,ORL,23,59,5,82,19955,3126,6861,.456,659,1778,.371,2467,5083,.485,1449,1881,.770,859,2746,3605,1848,581,445,1146,1500,8360
Orlando Magic,2012-13,NBA,ORL,20,62,5,82,19780,3169,6842,.463,617,1721,.359,2552,5121,.498,1336,1811,.738,888,2618,3506,1946,592,430,1020,1353,8291
Orlando Magic,2011-12,NBA,ORL,37,29,3,66,15965,2372,5287,.449,414,1192,.347,1958,4095,.478,1005,1302,.772,667,2061,2728,1350,495,273,867,1308,6163
Orlando Magic,2010-11,NBA,ORL,52,30,2,82,19830,2865,6569,.436,516,1476,.350,2349,5093,.461,1441,1940,.743,805,2450,3255,1646,606,310,1136,1791,7687
Orlando Magic,2009-10,NBA,ORL,59,23,1,82,19730,2955,6739,.438,522,1437,.363,2433,5302,.459,1380,1830,.754,800,2481,3281,1550,551,288,1050,1819,7812
Oklahoma City Thunder,2020-21,NBA,OKC,22,50,5,72,17355,3123,6603,.473,978,2688,.364,2145,3915,.548,1102,1426,.773,729,2663,3392,1856,647,378,942,1336,8326
Oklahoma City Thunder,2019-20,NBA,OKC,44,28,2,72,17430,2937,6454,.455,814,2395,.340,2123,4059,.523,1119,1408,.795,754,2472,3226,1656,505,290,1024,1641,7807
Oklahoma City Thunder,2018-19,NBA,OKC,49,33,4,82,19855,3343,7272,.460,922,2592,.356,2421,4680,.517,1500,1971,.761,811,2936,3747,2039,672,415,1372,1844,9108
Oklahoma City Thunder,2017-18,NBA,OKC,48,34,2,82,19830,3156,6885,.458,920,2507,.367,2236,4378,.511,1332,1733,.769,781,2676,3457,1911,630,377,1315,1750,8564
Oklahoma City Thunder,2016-17,NBA,OKC,47,35,2,82,19805,3215,6998,.459,724,2036,.356,2491,4962,.502,1525,1996,.764,750,2583,3333,1758,698,450,1129,1697,8679
Oklahoma City Thunder,2015-16,NBA,OKC,55,27,1,82,19830,3150,7192,.438,667,1949,.342,2483,5243,.474,1474,1950,.756,923,2373,3296,1767,719,373,1068,1653,8441
Oklahoma City Thunder,2014-15,NBA,OKC,45,37,2,82,19830,3085,7008,.440,681,1984,.343,2404,5024,.479,1494,2005,.745,917,2587,3504,1815,642,377,1118,1675,8345
Oklahoma City Thunder,2013-14,NBA,OKC,59,23,1,82,19805,2984,6842,.436,705,1968,.358,2279,4874,.468,1512,2080,.727,900,2456,3356,1785,669,296,1248,1672,8185
Oklahoma City Thunder,2012-13,NBA,OKC,60,22,1,82,19830,2966,6972,.425,610,1761,.346,2356,5211,.452,1372,1773,.774,987,2350,3337,1681,673,322,1212,1698,7914
Oklahoma City Thunder,2011-12,NBA,OKC,47,19,1,66,15990,2405,5629,.427,421,1231,.342,1984,4398,.451,1167,1519,.768,835,1889,2724,1312,542,321,937,1322,6398
Oklahoma City Thunder,2010-11,NBA,OKC,55,27,1,82,20005,3123,6823,.458,482,1335,.361,2641,5488,.481,1557,2093,.744,932,2395,3327,1712,587,356,1152,1767,8285
Oklahoma City Thunder,2009-10,NBA,OKC,50,32,4,82,19805,3007,6718,.448,481,1414,.340,2526,5304,.476,1541,2018,.764,937,2397,3334,1618,616,384,1238,1755,8036
New York Knicks,2020-21,NBA,NYK,41,31,3,72,17430,2730,6209,.440,864,2565,.337,1866,3644,.512,1216,1598,.761,695,2478,3173,1696,472,391,918,1286,7540
New York Knicks,2019-20,NBA,NYK,21,45,5,66,15965,2631,5678,.463,877,2303,.381,1754,3375,.520,1270,1696,.749,632,2284,2916,1605,474,333,907,1305,7409
New York Knicks,2018-19,NBA,NYK,17,65,5,82,19780,3434,7352,.467,969,2673,.363,2465,4679,.527,1493,1948,.766,881,3016,3897,2098,607,458,1084,1708,9330
New York Knicks,2017-18,NBA,NYK,29,53,4,82,19830,3233,7078,.457,917,2494,.368,2316,4584,.505,1475,1906,.774,838,2702,3540,1965,670,389,1096,1509,8858
New York Knicks,2016-17,NBA,NYK,31,51,3,82,19855,3259,7163,.455,806,2313,.348,2453,4850,.506,1533,1988,.771,953,2715,3668,1786,615,377,1060,1516,8857
New York Knicks,2015-16,NBA,NYK,32,50,3,82,19805,3114,7035,.443,626,1838,.341,2488,5197,.479,1435,1904,.754,890,2733,3623,1703,589,343,927,1520,8289
New York Knicks,2014-15,NBA,NYK,17,65,5,82,19855,3031,6592,.460,694,1825,.380,2337,4767,.490,1543,2032,.759,898,2669,3567,1783,659,353,1153,1564,8299
New York Knicks,2013-14,NBA,NYK,37,45,3,82,19855,2934,6401,.458,713,1921,.371,2221,4480,.496,1568,2050,.765,843,2600,3443,1618,513,277,1193,1611,8149
New York Knicks,2012-13,NBA,NYK,54,28,1,82,19730,2916,6365,.458,639,1789,.357,2277,4576,.498,1378,1821,.757,824,2591,3415,1580,523,327,1242,1576,7849
New York Knicks,2011-12,NBA,NYK,36,30,2,66,15940,2316,5238,.442,444,1238,.359,1872,4000,.468,1171,1590,.736,717,2045,2762,1248,536,334,1125,1437,6247
New York Knicks,2010-11,NBA,NYK,42,40,2,82,19780,3242,6870,.472,536,1442,.372,2706,5428,.499,1650,2165,.762,964,2646,3610,1682,586,360,1250,1703,8670
New York Knicks,2009-10,NBA,NYK,29,53,3,82,19880,3352,6902,.486,553,1571,.352,2799,5331,.525,1429,1896,.754,959,2724,3683,1723,585,368,1182,1576,8686
New Orleans Pelicans,2020-21,NBA,NOP,31,41,4,72,17430,3016,6431,.469,1043,2745,.380,1973,3686,.535,1197,1516,.790,644,2366,3010,1866,555,426,961,1534,8272
New Orleans Pelicans,2019-20,NBA,NOP,30,42,5,72,17430,3077,6611,.465,880,2438,.361,2197,4173,.526,1400,1775,.789,727,2501,3228,1763,615,348,1045,1519,8434
New Orleans Pelicans,2018-19,NBA,NOP,33,49,4,82,19755,3549,7610,.466,1006,2766,.364,2543,4844,.525,1471,1926,.764,898,2855,3753,2174,702,445,1113,1722,9575
New Orleans Pelicans,2017-18,NBA,NOP,48,34,2,82,19955,3423,7539,.454,891,2509,.355,2532,5030,.503,1317,1679,.784,887,2843,3730,1947,670,344,1186,1669,9054
New Orleans Pelicans,2016-17,NBA,NOP,34,48,4,82,19905,3286,7299,.450,863,2445,.353,2423,4854,.499,1293,1697,.762,872,3091,3963,1921,603,348,1144,1581,8728
New Orleans Pelicans,2015-16,NBA,NOP,30,52,5,82,19780,3218,6877,.468,754,2043,.369,2464,4834,.510,1544,1972,.783,730,2912,3642,1899,602,423,1127,1630,8734
New Orleans Pelicans,2014-15,NBA,NOP,45,37,5,82,19780,3108,6814,.456,537,1605,.335,2571,5209,.494,1329,1751,.759,870,2537,3407,1700,555,475,1003,1533,8082
New Orleans Pelicans,2013-14,NBA,NOP,34,48,5,82,19855,3055,6567,.465,652,1827,.357,2403,4740,.507,1637,2176,.752,881,2538,3419,1845,577,504,1185,1664,8399
New Orleans Pelicans,2012-13,NBA,NOH,27,55,5,82,19780,3030,6435,.471,632,1688,.374,2398,4747,.505,1339,1764,.759,835,2391,3226,1915,648,492,1086,1534,8031
New Orleans Pelicans,2011-12,NBA,NOH,21,45,5,66,15940,2305,5188,.444,425,1342,.317,1880,3846,.489,1129,1487,.759,731,1910,2641,1379,523,380,915,1235,6164
New Orleans Pelicans,2010-11,NBA,NOH,46,36,3,82,19830,2882,6306,.457,557,1562,.357,2325,4744,.490,1390,1805,.770,769,2457,3226,1739,497,396,1192,1674,7711
New Orleans Pelicans,2009-10,NBA,NOH,37,45,5,82,19830,3250,6730,.483,539,1517,.355,2711,5213,.520,1383,1841,.751,870,2586,3456,1925,574,367,1177,1597,8422
Minnesota Timberwolves,2020-21,NBA,MIN,23,49,4,72,17405,3098,6426,.482,945,2412,.392,2153,4014,.536,1332,1695,.786,718,2579,3297,1932,550,398,1102,1432,8473
Minnesota Timberwolves,2019-20,NBA,MIN,19,45,5,64,15560,2760,5786,.477,740,2040,.363,2020,3746,.539,1263,1613,.783,647,2383,3030,1560,499,355,992,1383,7523
Minnesota Timberwolves,2018-19,NBA,MIN,36,46,5,82,19830,3452,7386,.467,1041,2752,.378,2411,4634,.520,1401,1827,.767,921,2822,3743,2145,539,455,1209,1795,9346
Minnesota Timberwolves,2017-18,NBA,MIN,47,35,4,82,19805,3298,6942,.475,890,2431,.366,2408,4511,.534,1311,1683,.779,803,2626,3429,1962,529,382,1239,1711,8797
Minnesota Timberwolves,2016-17,NBA,MIN,31,51,5,82,19805,3246,6829,.475,811,2213,.366,2435,4616,.528,1445,1881,.768,806,2508,3314,1896,629,413,1169,1681,8748
Minnesota Timberwolves,2015-16,NBA,MIN,29,53,5,82,19880,3276,6962,.471,742,2089,.355,2534,4873,.520,1394,1842,.757,877,2558,3435,1857,638,427,1220,1768,8688
Minnesota Timberwolves,2014-15,NBA,MIN,16,66,5,82,19805,3373,6933,.487,697,1897,.367,2676,5036,.531,1294,1704,.759,953,2619,3572,1933,686,449,1243,1751,8737
Minnesota Timberwolves,2013-14,NBA,MIN,40,42,3,82,19855,3321,7048,.471,663,1820,.364,2658,5228,.508,1244,1645,.756,908,2717,3625,1875,644,457,1346,1936,8549
Minnesota Timberwolves,2012-13,NBA,MIN,31,51,5,82,19730,3113,6657,.468,576,1559,.369,2537,5098,.498,1243,1652,.752,871,2583,3454,1832,661,481,1302,1847,8045
Minnesota Timberwolves,2011-12,NBA,MIN,26,40,5,66,15940,2572,5656,.455,406,1195,.340,2166,4461,.486,1059,1402,.755,771,2096,2867,1422,549,377,875,1435,6609
Minnesota Timberwolves,2010-11,NBA,MIN,17,65,5,82,19780,3230,6902,.468,639,1707,.374,2591,5195,.499,1733,2227,.778,913,2577,3490,2031,777,447,1183,1717,8832
Minnesota Timberwolves,2009-10,NBA,MIN,15,67,5,82,19780,3343,6961,.480,618,1690,.366,2725,5271,.517,1534,1981,.774,917,2640,3557,2103,721,442,1173,1686,8838
Milwaukee Bucks,2020-21,NBA,MIL,46,26,1,72,17330,3052,6688,.456,1068,2778,.384,1984,3910,.507,1053,1350,.780,693,2435,3128,1804,507,348,947,1320,8225
Milwaukee Bucks,2019-20,NBA,MIL,56,17,1,73,17595,2843,6862,.414,1020,2871,.355,1823,3991,.457,1221,1551,.787,693,2651,3344,1764,538,326,1030,1586,7927
Milwaukee Bucks,2018-19,NBA,MIL,60,22,1,82,19780,3322,7669,.433,1073,2976,.361,2249,4693,.479,1242,1694,.733,813,2902,3715,2031,557,395,1096,1653,8959
Milwaukee Bucks,2017-18,NBA,MIL,44,38,3,82,19830,3209,6864,.468,829,2226,.372,2380,4638,.513,1509,1926,.783,817,2686,3503,1939,585,366,1279,1633,8756
Milwaukee Bucks,2016-17,NBA,MIL,42,40,2,82,19780,3116,6802,.458,816,2312,.353,2300,4490,.512,1464,1900,.771,845,2636,3481,1974,609,375,1205,1579,8512
Milwaukee Bucks,2015-16,NBA,MIL,33,49,5,82,19830,3097,6817,.454,765,2171,.352,2332,4646,.502,1506,1961,.768,942,2583,3525,2013,679,462,1269,1600,8465
Milwaukee Bucks,2014-15,NBA,MIL,41,41,3,82,19930,2917,6681,.437,676,1974,.342,2241,4707,.476,1478,1993,.742,938,2576,3514,1831,708,392,1425,1649,7988
Milwaukee Bucks,2013-14,NBA,MIL,15,67,5,82,19880,3146,6722,.468,697,1826,.382,2449,4896,.500,1511,2011,.751,961,2608,3569,1870,640,413,1158,1690,8500
Milwaukee Bucks,2012-13,NBA,MIL,38,44,3,82,19830,3152,6946,.454,529,1519,.348,2623,5427,.483,1398,1841,.759,1019,2757,3776,1893,658,362,1310,1567,8231
Milwaukee Bucks,2011-12,NBA,MIL,31,35,3,66,15865,2449,5453,.449,438,1247,.351,2011,4206,.478,1181,1535,.769,813,2138,2951,1433,499,297,1049,1278,6517
Milwaukee Bucks,2010-11,NBA,MIL,35,47,3,82,19830,2834,6342,.447,437,1309,.334,2397,5033,.476,1498,1946,.770,836,2629,3465,1657,507,392,1245,1694,7603
Milwaukee Bucks,2009-10,NBA,MIL,46,36,2,82,19980,2870,6361,.451,438,1276,.343,2432,5085,.478,1692,2211,.765,790,2722,3512,1581,573,421,1254,1664,7870
Miami Heat,2020-21,NBA,MIA,40,32,2,72,17380,2815,6137,.459,1027,2814,.365,1788,3323,.538,1122,1435,.782,684,2404,3088,1857,541,287,1085,1414,7779
Miami Heat,2019-20,NBA,MIA,44,29,1,73,17745,2831,6326,.448,956,2753,.347,1875,3573,.525,1346,1720,.783,674,2431,3105,1794,545,302,1022,1584,7964
Miami Heat,2018-19,NBA,MIA,39,43,3,82,19730,3141,7116,.441,973,2717,.358,2168,4399,.493,1432,1861,.769,831,2792,3623,1913,612,389,1159,1652,8687
Miami Heat,2017-18,NBA,MIA,44,38,1,82,19930,3090,6873,.450,785,2181,.360,2305,4692,.491,1476,1885,.783,744,2791,3535,1720,616,378,1160,1587,8441
Miami Heat,2016-17,NBA,MIA,41,41,3,82,19780,3108,6904,.450,639,1864,.343,2469,5040,.490,1518,1940,.782,837,2737,3574,1611,556,398,1121,1530,8373
Miami Heat,2015-16,NBA,MIA,48,34,1,82,19830,3054,6914,.442,605,1742,.347,2449,5172,.474,1356,1761,.770,803,2580,3383,1657,612,337,1060,1608,8069
Miami Heat,2014-15,NBA,MIA,37,45,3,82,19730,2960,6523,.454,666,1887,.353,2294,4636,.495,1391,1905,.730,894,2467,3361,1748,646,359,1215,1715,7977
Miami Heat,2013-14,NBA,MIA,54,28,1,82,19880,2961,6475,.457,694,1917,.362,2267,4558,.497,1374,1832,.750,886,2420,3306,1751,667,256,1369,1675,7990
Miami Heat,2012-13,NBA,MIA,66,16,1,82,19880,2919,6633,.440,624,1783,.350,2295,4850,.473,1329,1735,.766,921,2369,3290,1655,649,262,1280,1673,7791
Miami Heat,2011-12,NBA,MIA,46,20,1,66,16040,2285,5267,.434,479,1318,.363,1806,3949,.457,1056,1457,.725,727,1897,2624,1297,549,280,1107,1356,6105
Miami Heat,2010-11,NBA,MIA,58,24,1,82,19780,2869,6614,.434,546,1584,.345,2323,5030,.462,1473,1980,.744,864,2349,3213,1651,574,246,1081,1788,7757
Miami Heat,2009-10,NBA,MIA,47,35,3,82,19880,2813,6408,.439,524,1531,.342,2289,4877,.469,1577,2091,.754,856,2483,3339,1545,517,355,1184,1639,7727
Memphis Grizzlies,2020-21,NBA,MEM,38,34,2,72,17405,2953,6387,.462,926,2526,.367,2027,3861,.525,1251,1588,.788,704,2515,3219,1827,552,377,1068,1318,8083
Memphis Grizzlies,2019-20,NBA,MEM,34,39,3,73,17570,2964,6592,.450,942,2580,.365,2022,4012,.504,1430,1828,.782,756,2519,3275,1814,585,386,1080,1474,8300
Memphis Grizzlies,2018-19,NBA,MEM,33,49,3,82,19880,3083,6836,.451,951,2639,.360,2132,4197,.508,1586,2023,.784,781,2883,3664,1920,625,402,1249,1758,8703
Memphis Grizzlies,2017-18,NBA,MEM,22,60,5,82,19705,3046,6587,.462,874,2377,.368,2172,4210,.516,1688,2196,.769,782,2703,3485,1816,662,421,1210,1674,8654
Memphis Grizzlies,2016-17,NBA,MEM,43,39,3,82,19905,2864,6465,.443,813,2299,.354,2051,4166,.492,1658,2202,.753,761,2692,3453,1645,574,410,1171,1708,8199
Memphis Grizzlies,2015-16,NBA,MEM,42,40,3,82,19830,2947,6459,.456,797,2185,.365,2150,4274,.503,1619,2107,.768,830,2711,3541,1792,576,469,1328,1732,8310
Memphis Grizzlies,2014-15,NBA,MEM,55,27,2,82,19905,2954,6684,.442,663,1889,.351,2291,4795,.478,1225,1651,.742,864,2616,3480,1652,604,424,1257,1662,7796
Memphis Grizzlies,2013-14,NBA,MEM,50,32,3,82,19805,2924,6500,.450,615,1731,.355,2309,4769,.484,1292,1686,.766,809,2403,3212,1632,591,410,1162,1553,7755
Memphis Grizzlies,2012-13,NBA,MEM,56,26,2,82,19805,2748,6312,.435,504,1489,.338,2244,4823,.465,1319,1763,.748,845,2359,3204,1599,600,450,1268,1643,7319
Memphis Grizzlies,2011-12,NBA,MEM,41,25,2,66,15940,2278,5132,.444,417,1209,.345,1861,3923,.474,1163,1522,.764,729,1954,2683,1274,518,363,1130,1275,6136
Memphis Grizzlies,2010-11,NBA,MEM,46,36,4,82,19880,2967,6489,.457,587,1592,.369,2380,4897,.486,1482,1948,.761,905,2387,3292,1724,613,505,1367,1754,8003
Memphis Grizzlies,2009-10,NBA,MEM,40,42,4,82,19905,3277,6849,.478,572,1618,.354,2705,5231,.517,1402,1858,.755,907,2349,3256,1875,635,501,1165,1840,8528
Los Angeles Lakers,2020-21,NBA,LAL,42,30,3,72,17455,2862,6221,.460,818,2321,.352,2044,3900,.524,1144,1475,.776,634,2392,3026,1776,593,327,1095,1530,7686
Los Angeles Lakers,2019-20,NBA,LAL,52,19,1,71,17090,2773,6187,.448,827,2373,.349,1946,3814,.510,1270,1626,.781,668,2333,3001,1662,585,263,1130,1544,7643
Los Angeles Lakers,2018-19,NBA,LAL,37,45,4,82,19780,3438,7610,.452,971,2784,.349,2467,4826,.511,1459,1862,.784,924,2918,3842,2053,683,421,1167,1706,9306
Los Angeles Lakers,2017-18,NBA,LAL,35,47,3,82,19905,3366,7374,.456,855,2469,.346,2511,4905,.512,1402,1843,.761,840,2835,3675,1932,682,447,1170,1679,8989
Los Angeles Lakers,2016-17,NBA,LAL,26,56,4,82,19705,3405,7053,.483,830,2245,.370,2575,4808,.536,1499,1966,.762,843,2801,3644,2110,698,440,1188,1520,9139
Los Angeles Lakers,2015-16,NBA,LAL,17,65,5,82,19730,3323,7023,.473,700,2016,.347,2623,5007,.524,1420,1942,.731,897,2915,3812,2022,617,458,1037,1573,8766
Los Angeles Lakers,2014-15,NBA,LAL,21,61,5,82,19930,3180,6817,.466,697,1921,.363,2483,4896,.507,1577,2118,.745,824,2797,3621,1966,611,396,1068,1589,8634
Los Angeles Lakers,2013-14,NBA,LAL,27,55,5,82,19705,3440,7350,.468,666,1843,.361,2774,5507,.504,1412,1942,.727,1068,2950,4018,2112,790,387,1164,1580,8958
Los Angeles Lakers,2012-13,NBA,LAL,45,37,3,82,19755,3253,7180,.453,613,1718,.357,2640,5462,.483,1167,1594,.732,947,2551,3498,1918,696,396,1061,1891,8286
Los Angeles Lakers,2011-12,NBA,LAL,41,25,1,66,16065,2492,5703,.437,443,1274,.348,2049,4429,.463,901,1215,.742,758,1946,2704,1446,556,302,745,1332,6328
Los Angeles Lakers,2010-11,NBA,LAL,57,25,1,82,19830,3008,6888,.437,558,1668,.335,2450,5220,.469,1246,1628,.765,1002,2399,3401,1827,585,372,1116,1700,7820
Los Angeles Lakers,2009-10,NBA,LAL,57,25,1,82,19830,3050,6840,.446,520,1585,.328,2530,5255,.481,1332,1776,.750,914,2546,3460,1792,573,363,1159,1737,7952
Los Angeles Clippers,2020-21,NBA,LAC,47,25,2,72,17280,2887,6223,.464,833,2341,.356,2054,3882,.529,1157,1489,.777,659,2307,2966,1650,510,304,925,1303,7764
Los Angeles Clippers,2019-20,NBA,LAC,49,23,2,72,17380,2846,6494,.438,886,2566,.345,1960,3928,.499,1335,1766,.756,771,2491,3262,1709,540,338,1013,1647,7913
Los Angeles Clippers,2018-19,NBA,LAC,48,34,2,82,19830,3423,7490,.457,849,2477,.343,2574,5013,.513,1677,2159,.777,925,2826,3751,1976,677,498,1081,1969,9372
Los Angeles Clippers,2017-18,NBA,LAC,42,40,2,82,19705,3298,7194,.458,881,2477,.356,2417,4717,.512,1457,1864,.782,871,2706,3577,2015,699,462,1154,1803,8934
Los Angeles Clippers,2016-17,NBA,LAC,51,31,2,82,19755,3163,6999,.452,753,2154,.350,2410,4845,.497,1480,1917,.772,837,2700,3537,1891,577,258,1084,1835,8559
Los Angeles Clippers,2015-16,NBA,LAC,53,29,2,82,19830,3015,6946,.434,645,1909,.338,2370,5037,.471,1543,2055,.751,968,2861,3829,1740,583,259,1260,1842,8218
Los Angeles Clippers,2014-15,NBA,LAC,56,26,2,82,19730,2984,6745,.442,683,1959,.349,2301,4786,.481,1560,2105,.741,868,2649,3517,1904,548,245,1171,1766,8211
Los Angeles Clippers,2013-14,NBA,LAC,57,25,1,82,19755,3068,6958,.441,595,1791,.332,2473,5167,.479,1547,2049,.755,1011,2575,3586,1908,570,284,1261,1919,8278
Los Angeles Clippers,2012-13,NBA,LAC,56,26,1,82,19730,2834,6397,.443,627,1682,.373,2207,4715,.468,1465,1956,.749,891,2315,3206,1812,606,335,1319,1712,7760
Los Angeles Clippers,2011-12,NBA,LAC,40,26,2,66,15965,2279,5098,.447,460,1261,.365,1819,3837,.474,1251,1678,.746,712,1914,2626,1368,396,296,966,1401,6269
Los Angeles Clippers,2010-11,NBA,LAC,32,50,4,82,19855,3046,6688,.455,584,1598,.365,2462,5090,.484,1670,2167,.771,914,2410,3324,1827,659,404,1125,1811,8346
Los Angeles Clippers,2009-10,NBA,LAC,29,53,3,82,19705,3193,6792,.470,529,1457,.363,2664,5335,.499,1455,1910,.762,879,2490,3369,1926,686,363,1059,1588,8370
Indiana Pacers,2020-21,NBA,IND,34,38,2,72,17455,3076,6576,.468,828,2265,.366,2248,4311,.521,1325,1695,.782,813,2555,3368,1877,535,381,1066,1306,8305
Indiana Pacers,2019-20,NBA,IND,45,28,2,73,17620,2883,6459,.446,837,2455,.341,2046,4004,.511,1243,1577,.788,757,2545,3302,1686,504,335,1071,1373,7846
Indiana Pacers,2018-19,NBA,IND,48,34,2,82,19705,3177,7059,.450,932,2633,.354,2245,4426,.507,1298,1718,.756,862,2718,3580,2006,608,425,1284,1642,8584
Indiana Pacers,2017-18,NBA,IND,48,34,2,82,19755,3230,6953,.465,870,2496,.349,2360,4457,.530,1213,1602,.757,838,2686,3524,1905,577,428,1271,1514,8543
Indiana Pacers,2016-17,NBA,IND,42,40,3,82,19855,3115,6909,.451,849,2389,.355,2266,4520,.501,1557,1974,.789,879,2751,3630,1832,661,407,1225,1599,8636
Indiana Pacers,2015-16,NBA,IND,45,37,2,82,19880,3065,6962,.440,679,2035,.334,2386,4927,.484,1428,1901,.751,877,2774,3651,1707,634,366,1297,1676,8237
Indiana Pacers,2014-15,NBA,IND,38,44,4,82,19855,2949,6784,.435,591,1713,.345,2358,5071,.465,1469,1951,.753,800,2704,3504,1633,617,386,1045,1754,7958
Indiana Pacers,2013-14,NBA,IND,56,26,1,82,19780,2850,6785,.420,538,1561,.345,2312,5224,.443,1334,1768,.755,855,2521,3376,1525,593,378,1120,1793,7572
Indiana Pacers,2012-13,NBA,IND,49,32,1,81,19590,2797,6657,.420,440,1344,.327,2357,5313,.444,1314,1728,.760,909,2401,3310,1555,611,459,1096,1777,7348
Indiana Pacers,2011-12,NBA,IND,42,24,2,66,15990,2305,5304,.435,442,1259,.351,1863,4045,.461,1179,1617,.729,794,1998,2792,1292,433,398,985,1428,6231
Indiana Pacers,2010-11,NBA,IND,37,45,2,82,19780,3071,6837,.449,511,1423,.359,2560,5414,.473,1618,2157,.750,931,2618,3549,1670,615,467,1143,1758,8271
Indiana Pacers,2009-10,NBA,IND,32,50,4,82,19705,3113,6875,.453,510,1405,.363,2603,5470,.476,1774,2346,.756,969,2852,3821,1694,654,414,1227,1709,8510
Houston Rockets,2020-21,NBA,HOU,17,55,5,72,17305,3075,6411,.480,966,2532,.382,2109,3879,.544,1286,1642,.783,713,2713,3426,1855,611,378,1055,1388,8402
Houston Rockets,2019-20,NBA,HOU,44,28,1,72,17380,3045,6589,.462,880,2522,.349,2165,4067,.532,1299,1706,.761,803,2645,3448,1819,578,354,1163,1515,8269
Houston Rockets,2018-19,NBA,HOU,53,29,1,82,19830,3313,7106,.466,831,2444,.340,2482,4662,.532,1493,1944,.768,899,2825,3724,1929,607,369,1232,1640,8950
Houston Rockets,2017-18,NBA,HOU,65,17,1,82,19755,3244,7017,.462,829,2365,.351,2415,4652,.519,1201,1610,.746,710,2738,3448,1837,609,363,1194,1670,8518
Houston Rockets,2016-17,NBA,HOU,55,27,2,82,19780,3375,7286,.463,820,2389,.343,2555,4897,.522,1415,1819,.778,878,2735,3613,1979,697,409,1235,1674,8985
Houston Rockets,2015-16,NBA,HOU,41,41,4,82,19830,3200,6977,.459,796,2206,.361,2404,4771,.504,1525,2018,.756,970,2690,3660,2015,734,404,1360,1847,8721
Houston Rockets,2014-15,NBA,HOU,56,26,1,82,19805,3092,6983,.443,605,1881,.322,2487,5102,.487,1451,1932,.751,973,2621,3594,1752,726,437,1342,1730,8240
Houston Rockets,2013-14,NBA,HOU,54,28,2,82,19830,3197,7218,.443,666,1889,.353,2531,5329,.475,1395,1844,.757,977,2439,3416,1821,704,460,1149,1993,8455
Houston Rockets,2012-13,NBA,HOU,45,37,3,82,19780,3184,7007,.454,661,1798,.368,2523,5209,.484,1374,1771,.776,876,2539,3415,1858,693,498,1210,1674,8403
Houston Rockets,2011-12,NBA,HOU,34,32,4,66,16065,2474,5427,.456,369,1136,.325,2105,4291,.491,1142,1490,.766,729,2027,2756,1321,495,340,972,1215,6459
Houston Rockets,2010-11,NBA,HOU,43,39,5,82,19880,3266,6979,.468,448,1250,.358,2818,5729,.492,1526,1954,.781,955,2552,3507,1707,588,449,1125,1754,8506
Houston Rockets,2009-10,NBA,HOU,42,40,3,82,19905,3236,6810,.475,489,1344,.364,2747,5466,.503,1464,1917,.764,875,2632,3507,1716,597,532,1207,1840,8425
Golden State Warriors,2020-21,NBA,GSW,39,33,4,72,17305,2897,6408,.452,891,2481,.359,2006,3927,.511,1426,1834,.778,769,2635,3404,1711,567,312,1083,1406,8111
Golden State Warriors,2019-20,NBA,GSW,15,50,5,65,15725,2743,5760,.476,879,2261,.389,1864,3499,.533,1113,1422,.783,661,2359,3020,1698,536,321,1016,1308,7478
Golden State Warriors,2018-19,NBA,GSW,57,25,1,82,19805,3315,7471,.444,955,2753,.347,2360,4718,.500,1535,1987,.773,886,2750,3636,1989,630,295,1105,1601,9120
Golden State Warriors,2017-18,NBA,GSW,58,24,1,82,19730,3296,7380,.447,853,2392,.357,2443,4988,.490,1369,1807,.758,893,2592,3485,1934,717,301,1175,1516,8814
Golden State Warriors,2016-17,NBA,GSW,67,15,1,82,19780,3181,7311,.435,737,2277,.324,2444,5034,.485,1450,1905,.761,963,2604,3567,1862,705,313,1272,1588,8549
Golden State Warriors,2015-16,NBA,GSW,73,9,1,82,19880,3188,7330,.435,640,1928,.332,2548,5402,.472,1523,2013,.757,937,2662,3599,1823,710,336,1185,1627,8539
Golden State Warriors,2014-15,NBA,GSW,67,15,1,82,19730,3031,7084,.428,592,1757,.337,2439,5327,.458,1534,2011,.763,963,2690,3653,1718,680,293,1329,1541,8188
Golden State Warriors,2013-14,NBA,GSW,51,31,2,82,19830,3019,6920,.436,569,1656,.344,2450,5264,.465,1548,2023,.765,878,2671,3549,1683,649,342,1232,1584,8155
Golden State Warriors,2012-13,NBA,GSW,47,35,2,82,19805,3051,6954,.439,657,1896,.347,2394,5058,.473,1464,1958,.748,907,2596,3503,1931,670,399,1110,1571,8223
Golden State Warriors,2011-12,NBA,GSW,23,43,4,66,15915,2461,5431,.453,468,1281,.365,1993,4150,.480,1288,1725,.747,869,2157,3026,1527,499,328,978,1095,6678
Golden State Warriors,2010-11,NBA,GSW,36,46,3,82,19830,3173,6788,.467,567,1586,.358,2606,5202,.501,1755,2262,.776,1051,2623,3674,2029,672,352,1324,1512,8668
Golden State Warriors,2009-10,NBA,GSW,26,56,4,82,19730,3409,7033,.485,567,1514,.375,2842,5519,.515,1832,2390,.767,1100,2842,3942,1979,645,407,1442,1757,9217
Detroit Pistons,2020-21,NBA,DET,20,52,5,72,17430,2980,6260,.476,817,2260,.362,2163,4000,.541,1221,1607,.760,717,2475,3192,1785,578,419,1004,1469,7998
Detroit Pistons,2019-20,NBA,DET,20,46,4,66,15965,2768,5764,.480,705,1952,.361,2063,3812,.541,1072,1379,.777,668,2204,2872,1625,543,369,923,1308,7313
Detroit Pistons,2018-19,NBA,DET,41,41,3,82,19855,3271,6969,.469,786,2278,.345,2485,4691,.530,1470,1947,.755,747,2834,3581,1940,566,419,1153,1748,8798
Detroit Pistons,2017-18,NBA,DET,39,43,4,82,19805,3206,6988,.459,908,2527,.359,2298,4461,.515,1201,1548,.776,756,2833,3589,2064,597,398,1215,1511,8521
Detroit Pistons,2016-17,NBA,DET,37,45,5,82,19805,3144,6830,.460,767,2098,.366,2377,4732,.502,1346,1726,.780,656,2861,3517,1929,551,339,1046,1434,8401
Detroit Pistons,2015-16,NBA,DET,44,38,3,82,19880,3182,6903,.461,596,1679,.355,2586,5224,.495,1351,1726,.783,725,2763,3488,1766,583,366,1099,1773,8311
Detroit Pistons,2014-15,NBA,DET,32,50,5,82,19830,3106,6817,.456,635,1789,.355,2471,5028,.491,1312,1699,.772,877,2740,3617,1949,572,391,1146,1584,8159
Detroit Pistons,2013-14,NBA,DET,29,53,4,82,19780,3208,6820,.470,683,1872,.365,2525,4948,.510,1487,1967,.756,913,2612,3525,2001,670,403,1230,1699,8586
Detroit Pistons,2012-13,NBA,DET,29,53,4,82,19805,3056,6655,.459,604,1676,.360,2452,4979,.492,1389,1823,.762,911,2514,3425,1837,691,472,1126,1630,8105
Detroit Pistons,2011-12,NBA,DET,25,41,4,66,15965,2378,5147,.462,395,1114,.355,1983,4033,.492,1162,1518,.765,703,1985,2688,1485,563,348,959,1283,6313
Detroit Pistons,2010-11,NBA,DET,30,52,4,82,19880,3110,6405,.486,523,1461,.358,2587,4944,.523,1503,1962,.766,866,2470,3336,1910,568,381,1160,1545,8246
Detroit Pistons,2009-10,NBA,DET,27,55,5,82,19780,2965,6172,.480,568,1514,.375,2397,4658,.515,1630,2124,.767,814,2420,3234,1898,549,401,1174,1702,8128
Denver Nuggets,2020-21,NBA,DEN,47,25,2,72,17480,2883,6149,.469,934,2570,.363,1949,3579,.545,1229,1589,.773,652,2314,2966,1864,540,325,1014,1379,7929
Denver Nuggets,2019-20,NBA,DEN,46,27,1,73,17745,2919,6311,.463,885,2473,.358,2034,3838,.530,1247,1643,.759,736,2377,3113,1852,525,324,1041,1494,7970
Denver Nuggets,2018-19,NBA,DEN,54,28,1,82,19730,3246,7084,.458,887,2618,.339,2359,4466,.528,1372,1822,.753,799,2685,3484,2016,610,407,1109,1675,8751
Denver Nuggets,2017-18,NBA,DEN,46,36,5,82,19880,3386,7113,.476,893,2364,.378,2493,4749,.525,1234,1671,.738,800,2613,3413,2028,654,391,1131,1699,8899
Denver Nuggets,2016-17,NBA,DEN,40,42,4,82,19755,3454,7248,.477,808,2153,.375,2646,5095,.519,1403,1794,.782,770,2576,3346,1972,681,404,982,1653,9119
Denver Nuggets,2015-16,NBA,DEN,33,49,4,82,19830,3182,6904,.461,754,2033,.371,2428,4871,.498,1491,1958,.761,799,2700,3499,1924,660,517,1122,1712,8609
Denver Nuggets,2014-15,NBA,DEN,30,52,4,82,19880,3164,6909,.458,631,1823,.346,2533,5086,.498,1652,2208,.748,899,2798,3697,1894,611,504,1177,1698,8611
Denver Nuggets,2013-14,NBA,DEN,36,46,4,82,19755,3238,7086,.457,605,1724,.351,2633,5362,.491,1654,2168,.763,930,2665,3595,1843,694,459,1178,1778,8735
Denver Nuggets,2012-13,NBA,DEN,57,25,2,82,19905,3121,7025,.444,687,1894,.363,2434,5131,.474,1358,1858,.731,1020,2391,3411,1936,658,554,1305,1775,8287
Denver Nuggets,2011-12,NBA,DEN,38,28,2,66,16040,2541,5569,.456,571,1489,.383,1970,4080,.483,1029,1356,.759,730,1928,2658,1528,524,439,1028,1452,6682
Denver Nuggets,2010-11,NBA,DEN,50,32,2,82,19705,3153,6876,.459,576,1675,.344,2577,5201,.495,1539,2036,.756,864,2525,3389,1820,611,488,1127,1864,8421
Denver Nuggets,2009-10,NBA,DEN,53,29,1,82,19780,3088,6766,.456,523,1498,.349,2565,5268,.487,1695,2207,.768,955,2513,3468,1723,578,438,1235,1943,8394
Dallas Mavericks,2020-21,NBA,DAL,42,30,1,72,17305,2885,6269,.460,925,2537,.365,1960,3732,.525,1238,1621,.764,704,2460,3164,1631,527,264,908,1446,7933
Dallas Mavericks,2019-20,NBA,DAL,43,32,2,75,18175,3143,6868,.458,919,2615,.351,2224,4253,.523,1200,1578,.760,782,2625,3407,1794,525,311,896,1601,8405
Dallas Mavericks,2018-19,NBA,DAL,33,49,5,82,19780,3357,7315,.459,918,2667,.344,2439,4648,.525,1400,1802,.777,836,2840,3676,2011,643,368,1065,1905,9032
Dallas Mavericks,2017-18,NBA,DAL,24,58,4,82,19805,3219,6870,.469,874,2411,.363,2345,4459,.526,1327,1754,.757,725,3027,3752,1929,594,369,1127,1604,8639
Dallas Mavericks,2016-17,NBA,DAL,33,49,5,82,19780,3035,6477,.469,788,2074,.380,2247,4403,.510,1411,1827,.772,727,2923,3650,1743,535,280,1225,1591,8269
Dallas Mavericks,2015-16,NBA,DAL,42,40,2,82,20005,3144,6971,.451,743,2170,.342,2401,4801,.500,1382,1873,.738,868,2887,3755,1800,617,363,1142,1757,8413
Dallas Mavericks,2014-15,NBA,DAL,50,32,4,82,19880,3117,6930,.450,741,2034,.364,2376,4896,.485,1415,1879,.753,1006,2778,3784,1830,602,314,1339,1816,8390
Dallas Mavericks,2013-14,NBA,DAL,49,33,4,82,19830,3096,6673,.464,678,1888,.359,2418,4785,.505,1530,2019,.758,943,2569,3512,1808,635,288,1312,1633,8400
Dallas Mavericks,2012-13,NBA,DAL,41,41,4,82,19980,3067,6890,.445,642,1789,.359,2425,5101,.475,1566,2079,.753,985,2752,3737,1805,698,340,1202,1547,8342
Dallas Mavericks,2011-12,NBA,DAL,36,30,3,66,16065,2347,5390,.435,473,1368,.346,1874,4022,.466,1092,1456,.750,725,2173,2898,1351,561,265,971,1213,6259
Dallas Mavericks,2010-11,NBA,DAL,57,25,2,82,19705,2996,6656,.450,508,1480,.343,2488,5176,.481,1373,1830,.750,880,2459,3339,1689,623,303,1114,1650,7873
Dallas Mavericks,2009-10,NBA,DAL,55,27,1,82,19880,3107,6805,.457,525,1515,.347,2582,5290,.488,1402,1849,.758,922,2592,3514,1659,563,337,1195,1652,8141
Cleveland Cavaliers,2020-21,NBA,CLE,22,50,4,72,17430,3024,6245,.484,893,2334,.383,2131,3911,.545,1143,1468,.779,712,2437,3149,1828,613,425,1033,1451,8084
Cleveland Cavaliers,2019-20,NBA,CLE,19,46,5,65,15725,2851,5811,.491,804,2143,.375,2047,3668,.558,955,1245,.767,633,2154,2787,1699,613,412,844,1277,7461
Cleveland Cavaliers,2018-19,NBA,CLE,19,63,5,82,19755,3539,7148,.495,984,2590,.380,2555,4558,.561,1293,1680,.770,782,2835,3617,2107,568,459,1022,1592,9355
Cleveland Cavaliers,2017-18,NBA,CLE,50,32,1,82,19730,3429,7238,.474,956,2596,.368,2473,4642,.533,1200,1588,.756,812,2766,3578,2122,613,340,1105,1696,9014
Cleveland Cavaliers,2016-17,NBA,CLE,51,31,1,82,19880,3333,7284,.458,850,2353,.361,2483,4931,.504,1271,1644,.773,902,2724,3626,2024,598,349,1033,1690,8787
Cleveland Cavaliers,2015-16,NBA,CLE,57,25,1,82,19855,3019,6736,.448,647,1862,.347,2372,4874,.487,1378,1855,.743,760,2604,3364,1756,590,362,1092,1690,8063
Cleveland Cavaliers,2014-15,NBA,CLE,53,29,1,82,19780,3121,6850,.456,634,1848,.343,2487,5002,.497,1214,1629,.745,885,2487,3372,1974,642,368,1092,1685,8090
Cleveland Cavaliers,2013-14,NBA,CLE,33,49,3,82,19930,3097,6847,.452,765,2083,.367,2332,4764,.490,1365,1803,.757,841,2648,3489,2037,587,461,1144,1599,8324
Cleveland Cavaliers,2012-13,NBA,CLE,24,58,5,82,19730,3109,6527,.476,610,1639,.372,2499,4888,.511,1469,1987,.739,889,2563,3452,1963,624,560,1249,1615,8297
Cleveland Cavaliers,2011-12,NBA,CLE,21,45,5,66,15965,2536,5431,.467,448,1236,.362,2088,4195,.498,1095,1464,.748,752,2073,2825,1527,524,409,917,1381,6615
Cleveland Cavaliers,2010-11,NBA,CLE,19,63,5,82,19755,3232,6804,.475,664,1614,.411,2568,5190,.495,1438,1894,.759,894,2676,3570,1984,619,489,1111,1747,8566
Cleveland Cavaliers,2009-10,NBA,CLE,61,21,1,82,19780,2935,6633,.442,524,1511,.347,2411,5122,.471,1444,1907,.757,794,2366,3160,1661,542,325,1045,1708,7838
Chicago Bulls,2020-21,NBA,CHI,31,41,3,72,17380,2983,6313,.473,829,2328,.356,2154,3985,.541,1238,1600,.774,624,2410,3034,1737,614,364,917,1277,8033
Chicago Bulls,2019-20,NBA,CHI,22,43,3,65,15675,2568,5364,.479,726,2057,.353,1842,3307,.557,1283,1691,.759,660,2299,2959,1653,530,384,1187,1246,7145
Chicago Bulls,2018-19,NBA,CHI,22,60,4,82,19905,3464,7316,.473,990,2709,.365,2474,4607,.537,1377,1805,.763,824,2984,3808,2094,600,473,1092,1534,9295
Chicago Bulls,2017-18,NBA,CHI,27,55,5,82,19855,3360,7115,.472,990,2678,.370,2370,4437,.534,1307,1660,.787,691,3053,3744,2123,588,423,1112,1425,9017
Chicago Bulls,2016-17,NBA,CHI,41,41,4,82,19780,3236,7099,.456,731,2121,.345,2505,4978,.503,1197,1555,.770,843,2698,3541,1939,602,378,1100,1541,8400
Chicago Bulls,2015-16,NBA,CHI,42,40,4,82,19905,3234,7333,.441,651,1885,.345,2583,5448,.474,1337,1813,.737,969,2798,3767,1848,655,465,974,1535,8456
Chicago Bulls,2014-15,NBA,CHI,50,32,2,82,19880,3095,7109,.435,538,1605,.335,2557,5504,.465,1291,1723,.749,963,2598,3561,1657,614,443,1000,1736,8019
Chicago Bulls,2013-14,NBA,CHI,48,34,2,82,19930,2867,6660,.430,538,1532,.351,2329,5128,.454,1256,1668,.753,876,2508,3384,1604,621,490,1178,1714,7528
Chicago Bulls,2012-13,NBA,CHI,45,37,2,82,19830,2906,6565,.443,453,1309,.346,2453,5256,.467,1350,1826,.739,901,2469,3370,1545,600,477,1123,1609,7615
Chicago Bulls,2011-12,NBA,CHI,50,16,1,66,15940,2284,5420,.421,305,939,.325,1979,4481,.442,946,1279,.740,750,1889,2639,1245,490,343,876,1166,5819
Chicago Bulls,2010-11,NBA,CHI,62,20,1,82,19830,2805,6523,.430,427,1308,.326,2378,5215,.456,1450,1898,.764,828,2322,3150,1556,568,477,1159,1645,7487
Chicago Bulls,2009-10,NBA,CHI,41,41,3,82,19905,3043,6885,.442,584,1680,.348,2459,5205,.472,1457,1958,.744,916,2589,3505,1715,578,438,1090,1643,8127
Charlotte Hornets,2020-21,NBA,CHO,33,39,4,72,17355,2972,6346,.468,1042,2847,.366,1930,3499,.552,1034,1387,.745,766,2487,3253,1951,582,347,1062,1340,8020
Charlotte Hornets,2019-20,NBA,CHO,23,42,3,65,15750,2708,5690,.476,803,2279,.352,1905,3411,.558,907,1197,.758,711,2276,2987,1732,523,328,935,1337,7126
Charlotte Hornets,2018-19,NBA,CHO,39,43,2,82,19830,3436,7311,.470,992,2748,.361,2444,4563,.536,1307,1660,.787,825,2931,3756,2133,565,492,1109,1686,9171
Charlotte Hornets,2017-18,NBA,CHO,36,46,3,82,19780,3370,7199,.468,926,2467,.375,2444,4732,.516,1187,1494,.795,692,2891,3583,2029,542,404,1112,1839,8853
Charlotte Hornets,2016-17,NBA,CHO,36,46,4,82,19830,3237,7092,.456,950,2576,.369,2287,4516,.506,1161,1496,.776,732,2909,3641,2012,539,450,1071,1631,8585
Charlotte Hornets,2015-16,NBA,CHO,48,34,3,82,19855,3098,6971,.444,726,2081,.349,2372,4890,.485,1334,1735,.769,726,2936,3662,1901,553,448,1103,1670,8256
Charlotte Hornets,2014-15,NBA,CHO,33,49,4,82,19905,3020,6863,.440,649,1816,.357,2371,5047,.470,1292,1673,.772,728,2890,3618,1815,502,440,1033,1708,7981
Charlotte Hornets,2013-14,NBA,CHA,43,39,3,82,19905,3022,6838,.442,665,1800,.369,2357,5038,.468,1251,1649,.759,785,2766,3551,1718,514,415,1090,1716,7960
Charlotte Hornets,2012-13,NBA,CHA,21,61,4,82,19805,3185,6762,.471,716,1847,.388,2469,4915,.502,1332,1784,.747,971,2645,3616,2071,569,565,1152,1746,8418
Charlotte Hornets,2011-12,NBA,CHA,7,59,5,66,15890,2568,5411,.475,406,1142,.356,2162,4269,.506,1115,1486,.750,778,2193,2971,1537,499,378,890,1341,6657
Charlotte Hornets,2010-11,NBA,CHA,34,48,4,82,19805,2956,6492,.455,577,1609,.359,2379,4883,.487,1489,1908,.780,804,2446,3250,1777,601,496,1082,1730,7978
Charlotte Hornets,2009-10,NBA,CHA,44,38,4,82,19880,2925,6536,.448,573,1696,.338,2352,4840,.486,1270,1710,.743,868,2382,3250,1666,614,502,1256,1804,7693
Brooklyn Nets,2020-21,NBA,BRK,48,24,2,72,17405,3017,6573,.459,951,2607,.365,2066,3966,.521,1228,1584,.775,753,2348,3101,1729,550,330,908,1361,8213
Brooklyn Nets,2019-20,NBA,BRK,35,37,4,72,17480,2981,6688,.446,877,2505,.350,2104,4183,.503,1250,1625,.769,766,2541,3307,1630,554,379,919,1521,8089
Brooklyn Nets,2018-19,NBA,BRK,42,40,4,82,19980,3460,7581,.456,848,2486,.341,2612,5095,.513,1442,1872,.770,902,2889,3791,1944,638,432,1104,1807,9210
Brooklyn Nets,2017-18,NBA,BRK,28,54,5,82,19855,3418,7334,.466,741,2010,.369,2677,5324,.503,1471,1921,.766,853,2981,3834,1782,630,450,1015,1615,9048
Brooklyn Nets,2016-17,NBA,BRK,20,62,5,82,19755,3414,7449,.458,816,2232,.366,2598,5217,.498,1581,2049,.772,902,2965,3867,1888,780,457,1092,1671,9225
Brooklyn Nets,2015-16,NBA,BRK,21,61,4,82,19755,3345,6984,.479,775,2100,.369,2570,4884,.526,1227,1608,.763,840,2719,3559,2006,720,430,1162,1510,8692
Brooklyn Nets,2014-15,NBA,BRK,38,44,3,82,19930,3150,6913,.456,696,1944,.358,2454,4969,.494,1278,1748,.731,937,2699,3636,1944,643,372,1137,1641,8274
Brooklyn Nets,2013-14,NBA,BRK,44,38,2,82,19880,2980,6511,.458,662,1802,.367,2318,4709,.492,1539,2026,.760,921,2594,3515,1723,608,337,1296,1704,8161
Brooklyn Nets,2012-13,NBA,BRK,49,33,2,82,19855,3066,6614,.464,518,1415,.366,2548,5199,.490,1148,1571,.731,878,2336,3214,1756,614,390,1102,1751,7798
Brooklyn Nets,2011-12,NBA,NJN,22,44,5,66,15890,2501,5294,.472,431,1151,.374,2070,4143,.500,1106,1494,.740,780,2032,2812,1539,525,330,943,1274,6539
Brooklyn Nets,2010-11,NBA,NJN,24,58,4,82,20005,3069,6602,.465,507,1393,.364,2562,5209,.492,1589,2115,.751,849,2575,3424,1824,561,375,1010,1638,8234
Brooklyn Nets,2009-10,NBA,NJN,12,70,5,82,19780,3172,6593,.481,468,1278,.366,2704,5315,.509,1511,2021,.748,925,2683,3608,1960,638,421,1149,1647,8323
Boston Celtics,2020-21,NBA,BOS,36,36,4,72,17380,2875,6191,.464,925,2473,.374,1950,3718,.524,1329,1692,.785,677,2382,3059,1732,531,334,1015,1389,8004
Boston Celtics,2019-20,NBA,BOS,48,24,2,72,17430,2764,6268,.441,851,2504,.340,1913,3764,.508,1350,1761,.767,743,2449,3192,1613,514,396,1097,1487,7729
Boston Celtics,2018-19,NBA,BOS,49,33,3,82,19780,3239,7222,.448,944,2748,.344,2295,4474,.513,1430,1872,.764,852,2912,3764,1940,556,317,1241,1602,8852
Boston Celtics,2017-18,NBA,BOS,55,27,2,82,19805,3066,6973,.440,769,2270,.339,2297,4703,.488,1334,1748,.763,791,2804,3595,1744,594,364,1159,1571,8235
Boston Celtics,2016-17,NBA,BOS,53,29,1,82,19755,3168,7035,.450,735,2213,.332,2433,4822,.505,1570,2042,.769,883,2769,3652,1851,623,425,1141,1664,8641
Boston Celtics,2015-16,NBA,BOS,48,34,2,82,19780,3075,6973,.441,643,1912,.336,2432,5061,.481,1613,2136,.755,932,2838,3770,1715,622,450,1348,1718,8406
Boston Celtics,2014-15,NBA,BOS,40,42,2,82,19880,3125,6943,.450,607,1804,.336,2518,5139,.490,1442,1909,.755,893,2772,3665,1798,583,431,1239,1545,8299
Boston Celtics,2013-14,NBA,BOS,25,57,4,82,19730,3101,6675,.465,539,1553,.347,2562,5122,.500,1517,1993,.761,871,2596,3467,1813,609,373,1168,1564,8258
Boston Celtics,2012-13,NBA,BOS,41,40,3,81,19840,2926,6639,.441,550,1610,.342,2376,5029,.472,1434,1937,.740,925,2603,3528,1752,634,378,1239,1574,7836
Boston Celtics,2011-12,NBA,BOS,39,27,1,66,15940,2207,5262,.419,344,1117,.308,1863,4145,.449,1138,1498,.760,781,2070,2851,1233,515,304,1035,1217,5896
Boston Celtics,2010-11,NBA,BOS,56,26,1,82,19780,2768,6371,.434,443,1304,.340,2325,5067,.459,1494,1975,.756,862,2387,3249,1533,574,364,1262,1659,7473
Boston Celtics,2009-10,NBA,BOS,50,32,1,82,19780,2880,6390,.451,470,1375,.342,2410,5015,.481,1606,2152,.746,868,2418,3286,1585,578,386,1283,1777,7836
