name,Season,Lg,Tm,W,L,Finish,G,MP,FG	,FGA,FG%,3P,3PA,3P%,2P,2PA,2P%,FT,FTA,FT%,ORB,DRB,TRB,AST,STL,BLK,TOV,PF,PTS
Atlanta Hawks,2020-21,NBA,ATL,41,31,1,72,16,14,19,12,9,14,3,20,21,16,14,12,30,21,4,8,11,21,17,29,9,12
Atlanta Hawks,2019-20,NBA,ATL,20,47,5,67,8,16,8,26,6,6,22,22,14,25,28,29,16,20,11,14,11,28,30,20,21,20
Atlanta Hawks,2018-19,NBA,ATL,29,53,5,82,21,27,21,26,28,28,19,23,9,29,30,30,8,19,21,23,30,30,24,8,5,30
Atlanta Hawks,2017-18,NBA,ATL,24,58,5,82,1,21,18,24,27,26,28,17,11,22,9,12,20,24,18,23,30,28,28,5,14,23
Atlanta Hawks,2016-17,NBA,ATL,43,39,2,82,25,13,23,5,28,29,16,6,9,6,4,4,16,22,15,16,19,29,22,2,3,10
Atlanta Hawks,2015-16,NBA,ATL,48,34,2,82,13,7,26,1,13,16,6,5,20,1,8,7,13,27,25,28,15,23,14,5,29,6
Atlanta Hawks,2014-15,NBA,ATL,60,22,1,82,2,8,12,6,29,30,7,2,2,13,3,2,28,24,14,18,24,8,18,6,20,5
Atlanta Hawks,2013-14,NBA,ATL,38,44,4,82,12,23,19,21,15,15,20,19,17,19,7,7,4,16,25,24,24,26,12,10,20,15
Atlanta Hawks,2012-13,NBA,ATL,44,38,2,82,21,18,20,13,20,14,28,16,20,9,3,3,26,22,26,25,15,25,6,8,25,13
Atlanta Hawks,2011-12,NBA,ATL,40,26,2,66,29,14,16,11,5,7,10,17,20,11,4,5,15,6,23,16,14,7,10,9,20,6
Atlanta Hawks,2010-11,NBA,ATL,44,38,3,82,3,14,10,18,5,8,4,15,13,19,4,3,25,6,16,10,16,3,5,29,29,9
Atlanta Hawks,2009-10,NBA,ATL,53,29,2,82,20,13,10,16,5,7,9,16,14,16,3,6,3,20,13,15,17,2,7,20,28,10
Washington Wizards,2020-21,NBA,WAS,34,38,3,72,16,28,28,20,15,13,19,28,28,15,30,29,18,25,24,24,12,25,15,10,1,30
Washington Wizards,2019-20,NBA,WAS,25,47,4,72,11,29,17,29,23,13,27,29,18,27,30,30,19,21,25,26,24,18,20,3,4,29
Washington Wizards,2018-19,NBA,WAS,32,50,4,82,29,30,22,28,26,19,27,26,21,28,20,18,26,29,27,28,28,20,10,3,12,29
Washington Wizards,2017-18,NBA,WAS,43,39,2,82,24,11,9,15,12,14,6,12,9,23,22,26,11,16,7,10,10,19,13,6,15,15
Washington Wizards,2016-17,NBA,WAS,49,33,1,82,22,21,12,24,17,16,20,16,11,25,17,21,1,20,9,11,15,12,10,3,18,21
Washington Wizards,2015-16,NBA,WAS,41,41,4,82,4,18,8,23,20,15,28,16,13,18,20,17,26,7,23,17,18,21,6,4,16,21
Washington Wizards,2014-15,NBA,WAS,46,36,2,82,29,6,15,2,16,19,14,6,12,4,18,20,4,5,10,6,3,21,6,19,21,10
Washington Wizards,2013-14,NBA,WAS,44,38,2,82,30,11,7,18,12,12,6,14,8,21,14,13,23,4,20,11,18,16,7,4,23,9
Washington Wizards,2012-13,NBA,WAS,29,53,3,82,21,8,16,5,14,17,10,7,10,7,18,22,5,14,28,28,11,14,7,18,21,9
Washington Wizards,2011-12,NBA,WAS,20,46,4,66,2,17,15,18,16,14,15,19,14,19,26,26,19,26,18,24,20,18,7,8,23,20
Washington Wizards,2010-11,NBA,WAS,23,59,5,82,26,23,18,24,21,18,26,23,22,25,27,27,12,28,23,27,26,24,20,3,21,24
Washington Wizards,2009-10,NBA,WAS,26,56,5,82,17,15,12,17,17,13,20,14,11,17,20,19,18,24,18,19,20,9,19,22,18,16
Utah Jazz,2020-21,NBA,UTA,52,20,1,72,10,12,27,2,1,3,2,25,29,1,2,2,7,15,5,7,1,19,3,30,17,3
Utah Jazz,2019-20,NBA,UTA,44,28,3,72,11,19,20,12,5,7,14,24,28,10,7,7,10,14,10,10,1,23,12,29,12,12
Utah Jazz,2018-19,NBA,UTA,50,32,3,82,5,8,11,8,2,1,15,17,27,3,7,9,2,1,6,2,1,27,9,15,4,4
Utah Jazz,2017-18,NBA,UTA,48,34,3,82,9,2,3,6,5,3,17,4,15,4,8,10,19,3,10,1,1,24,11,6,8,1
Utah Jazz,2016-17,NBA,UTA,51,31,1,82,2,2,3,2,3,2,17,9,15,1,6,6,10,4,2,1,1,8,3,29,12,1
Utah Jazz,2015-16,NBA,UTA,40,42,3,82,29,1,2,13,10,5,18,2,3,10,9,9,7,6,2,1,1,18,12,17,18,2
Utah Jazz,2014-15,NBA,UTA,38,44,3,82,1,2,2,14,7,5,25,7,11,8,10,12,8,3,1,1,1,24,13,23,22,1
Utah Jazz,2013-14,NBA,UTA,25,57,5,82,7,21,8,30,10,7,28,22,16,24,16,15,30,7,21,14,14,13,17,29,17,18
Utah Jazz,2012-13,NBA,UTA,43,39,3,82,25,11,7,20,11,8,24,14,12,17,27,24,17,11,9,8,7,15,23,16,11,15
Utah Jazz,2011-12,NBA,UTA,36,30,3,66,29,15,13,19,17,22,8,13,10,22,29,29,16,11,10,10,15,7,23,15,7,23
Utah Jazz,2010-11,NBA,UTA,39,43,4,82,22,9,6,17,28,20,29,5,4,13,30,30,27,22,9,14,11,18,19,9,3,19
Utah Jazz,2009-10,NBA,UTA,53,29,2,82,6,4,6,8,20,22,16,3,4,10,28,28,19,7,4,3,8,23,26,5,5,12
Toronto Raptors,2020-21,NBA,TOR,27,45,5,72,2,2,1,10,26,24,24,2,2,8,28,28,29,22,25,23,26,4,27,1,12,15
Toronto Raptors,2019-20,NBA,TOR,53,19,1,72,13,4,16,2,27,29,1,2,5,3,18,16,12,28,21,25,29,10,26,1,18,9
Toronto Raptors,2018-19,NBA,TOR,58,24,1,82,25,9,16,5,9,10,8,10,23,6,10,12,13,18,8,13,15,17,6,10,19,9
Toronto Raptors,2017-18,NBA,TOR,59,23,1,82,20,8,14,5,1,2,11,21,27,3,26,27,16,17,5,7,7,5,18,12,16,6
Toronto Raptors,2016-17,NBA,TOR,51,31,2,82,7,5,4,6,13,18,12,4,7,8,20,18,24,13,7,6,8,3,13,10,10,8
Toronto Raptors,2015-16,NBA,TOR,56,26,1,82,6,4,4,11,17,12,29,3,7,5,6,6,8,8,4,4,12,1,20,23,3,3
Toronto Raptors,2014-15,NBA,TOR,49,33,1,82,14,20,10,26,11,14,13,18,12,28,14,18,3,20,6,9,19,4,19,13,13,19
Toronto Raptors,2013-14,NBA,TOR,48,34,1,82,28,5,6,10,7,6,16,10,14,9,24,24,7,8,5,4,10,9,11,13,5,7
Toronto Raptors,2012-13,NBA,TOR,34,48,5,82,29,10,5,18,8,7,19,11,9,18,30,30,10,6,13,13,12,3,11,20,12,17
Toronto Raptors,2011-12,NBA,TOR,23,43,4,66,16,2,2,8,8,16,5,3,3,10,30,30,7,2,11,6,11,4,14,28,26,9
Toronto Raptors,2010-11,NBA,TOR,22,60,5,82,5,24,16,29,17,12,28,26,21,29,26,26,20,19,12,15,24,25,23,18,26,26
Toronto Raptors,2009-10,NBA,TOR,40,42,2,82,7,22,21,19,29,27,26,18,10,22,25,23,30,23,11,14,24,16,8,29,13,27
San Antonio Spurs,2020-21,NBA,SAS,33,39,3,72,28,24,24,22,11,9,23,27,27,13,7,9,2,24,28,29,14,2,19,19,22,19
San Antonio Spurs,2019-20,NBA,SAS,32,39,4,71,10,24,19,20,25,19,25,19,16,19,10,11,17,10,24,17,27,2,6,23,19,23
San Antonio Spurs,2018-19,NBA,SAS,48,34,2,82,14,16,18,18,18,18,18,13,14,17,2,1,6,4,15,7,18,8,3,30,25,12
San Antonio Spurs,2017-18,NBA,SAS,47,35,3,82,5,6,8,8,3,4,4,16,21,8,1,3,9,8,14,10,8,14,2,20,18,1
San Antonio Spurs,2016-17,NBA,SAS,61,21,1,82,14,3,9,4,2,3,5,10,18,2,7,7,14,9,5,5,6,14,5,12,17,2
San Antonio Spurs,2015-16,NBA,SAS,67,15,1,82,1,2,3,4,1,1,1,10,23,2,1,2,19,4,5,3,4,8,2,14,22,1
San Antonio Spurs,2014-15,NBA,SAS,55,27,3,82,29,12,17,13,4,1,24,20,27,6,9,11,11,4,15,7,7,19,9,16,19,3
San Antonio Spurs,2013-14,NBA,SAS,62,20,1,82,3,14,25,8,1,1,10,26,28,6,4,5,20,11,15,12,6,15,15,25,25,6
San Antonio Spurs,2012-13,NBA,SAS,58,24,1,82,25,19,26,8,5,5,12,25,30,4,5,4,22,19,16,18,9,23,16,12,23,12
San Antonio Spurs,2011-12,NBA,SAS,50,16,1,66,9,25,25,17,11,10,19,25,26,14,2,2,18,3,15,11,5,5,16,24,21,16
San Antonio Spurs,2010-11,NBA,SAS,61,21,1,82,5,20,24,12,7,3,22,25,29,8,2,2,18,16,17,17,9,6,12,26,17,14
San Antonio Spurs,2009-10,NBA,SAS,50,32,2,82,7,11,13,12,1,1,8,20,28,6,10,9,13,5,10,5,3,8,20,30,19,8
Sacramento Kings,2020-21,NBA,SAC,31,41,5,72,2,30,22,30,13,8,26,29,26,29,22,21,25,28,19,20,18,14,13,16,19,28
Sacramento Kings,2019-20,NBA,SAC,31,41,4,72,19,15,9,21,22,22,16,11,7,26,24,21,29,5,16,13,20,22,5,8,21,21
Sacramento Kings,2018-19,NBA,SAC,39,43,3,82,2,25,23,20,23,29,12,19,8,27,25,25,21,25,29,30,17,16,18,2,10,26
Sacramento Kings,2017-18,NBA,SAC,27,55,4,82,9,10,2,25,29,28,29,2,1,26,17,17,13,7,23,20,18,17,14,12,30,14
Sacramento Kings,2016-17,NBA,SAC,32,50,3,82,25,10,6,22,29,28,19,3,2,26,23,22,22,11,10,9,24,23,21,15,14,18
Sacramento Kings,2015-16,NBA,SAC,33,49,3,82,9,29,28,24,30,30,23,22,16,26,16,14,21,23,17,23,26,28,19,6,4,30
Sacramento Kings,2014-15,NBA,SAC,29,53,4,82,14,29,28,24,28,29,16,25,19,27,17,15,13,15,3,4,22,28,30,25,1,28
Sacramento Kings,2013-14,NBA,SAC,28,54,4,82,12,18,13,20,25,21,29,12,11,15,26,27,3,3,9,6,26,18,24,27,4,24
Sacramento Kings,2012-13,NBA,SAC,28,54,4,82,16,28,21,28,22,23,13,26,14,30,28,27,30,26,22,24,29,11,27,15,14,30
Sacramento Kings,2011-12,NBA,SAC,22,44,5,66,6,30,27,30,20,18,21,30,24,30,16,14,23,28,26,28,30,16,29,7,12,30
Sacramento Kings,2010-11,NBA,SAC,24,58,5,82,20,28,22,28,8,7,11,29,27,28,21,20,13,12,18,16,19,28,24,8,14,25
Sacramento Kings,2009-10,NBA,SAC,25,57,5,82,22,23,22,20,9,6,19,23,25,19,24,24,28,16,19,16,12,18,27,21,22,25
Portland Trail Blazers,2020-21,NBA,POR,42,30,3,72,2,18,15,25,19,17,20,17,10,21,24,22,26,16,22,21,16,1,10,28,16,23
Portland Trail Blazers,2019-20,NBA,POR,35,39,4,74,29,28,28,11,29,27,29,20,26,4,27,27,15,30,27,30,28,4,21,22,15,30
Portland Trail Blazers,2018-19,NBA,POR,53,29,2,82,21,15,19,13,8,3,20,22,26,5,15,15,20,15,1,3,3,10,18,29,16,14
Portland Trail Blazers,2017-18,NBA,POR,49,33,1,82,9,7,16,4,7,5,16,11,23,2,18,18,4,10,16,13,2,10,22,29,23,5
Portland Trail Blazers,2016-17,NBA,POR,41,41,3,82,30,15,18,12,10,6,27,18,26,4,29,28,29,12,22,17,4,19,24,26,16,25
Portland Trail Blazers,2015-16,NBA,POR,44,38,2,82,9,15,14,16,15,9,26,18,21,12,26,27,2,15,13,13,11,15,16,25,22,20
Portland Trail Blazers,2014-15,NBA,POR,51,31,1,82,14,24,30,7,1,2,6,29,30,5,8,7,22,18,23,25,6,21,3,30,28,11
Portland Trail Blazers,2013-14,NBA,POR,54,28,2,82,17,27,28,11,2,2,11,29,30,8,11,9,26,25,19,22,7,19,6,30,13,22
Portland Trail Blazers,2012-13,NBA,POR,33,49,4,82,21,29,19,29,6,10,3,30,25,29,6,6,24,11,17,17,26,26,8,28,26,21
Portland Trail Blazers,2011-12,NBA,POR,28,38,4,66,16,21,14,26,21,15,25,21,13,26,10,9,10,14,18,17,18,11,11,11,14,18
Portland Trail Blazers,2010-11,NBA,POR,48,34,3,82,12,7,1,20,15,13,23,5,2,22,6,6,19,12,3,6,3,5,4,4,11,7
Portland Trail Blazers,2009-10,NBA,POR,50,32,3,82,20,7,2,18,5,8,6,10,5,20,6,8,4,4,1,1,5,1,4,23,9,3
Phoenix Suns,2020-21,NBA,PHO,51,21,1,72,28,11,9,15,7,10,5,18,15,17,12,13,15,6,10,9,4,5,1,17,28,7
Phoenix Suns,2019-20,NBA,PHO,34,39,3,73,23,25,18,22,12,11,21,26,22,22,26,26,26,9,18,15,16,24,28,5,1,25
Phoenix Suns,2018-19,NBA,PHO,19,63,5,82,25,26,10,29,11,5,28,27,22,26,29,29,4,30,19,27,25,29,15,4,17,28
Phoenix Suns,2017-18,NBA,PHO,21,61,5,82,1,29,26,26,22,15,26,27,24,20,28,28,15,26,27,29,13,29,30,27,4,30
Phoenix Suns,2016-17,NBA,PHO,24,58,5,82,19,24,19,26,23,12,30,21,20,18,30,30,28,16,21,18,10,21,25,8,2,30
Phoenix Suns,2015-16,NBA,PHO,23,59,4,82,1,23,9,26,26,20,30,17,8,25,29,30,9,11,18,13,17,30,23,12,6,28
Phoenix Suns,2014-15,NBA,PHO,39,43,3,82,19,25,24,18,11,9,19,23,25,15,26,26,23,25,24,28,10,20,5,7,14,26
Phoenix Suns,2013-14,NBA,PHO,48,34,3,82,3,19,17,14,6,8,2,24,22,16,27,26,28,22,12,16,5,12,8,8,8,21
Phoenix Suns,2012-13,NBA,PHO,25,57,5,82,11,25,18,25,12,4,30,27,26,21,22,20,18,24,21,23,19,24,17,7,28,26
Phoenix Suns,2011-12,NBA,PHO,33,33,3,66,1,24,24,21,7,5,18,27,25,18,13,10,24,25,20,22,19,23,4,20,15,21
Phoenix Suns,2010-11,NBA,PHO,40,42,2,82,28,30,30,25,26,24,21,28,25,27,11,15,7,27,29,29,25,26,7,11,12,29
Phoenix Suns,2009-10,NBA,PHO,54,28,2,82,3,24,30,11,22,24,17,22,30,9,21,21,17,29,6,21,14,27,11,25,7,26
Philadelphia 76ers,2020-21,NBA,PHI,49,23,1,72,21,4,10,4,8,11,9,9,13,3,21,23,6,11,8,11,5,8,12,2,4,6
Philadelphia 76ers,2019-20,NBA,PHI,43,30,3,73,23,17,12,16,4,5,13,25,25,12,21,25,2,1,12,9,9,7,3,19,14,15
Philadelphia 76ers,2018-19,NBA,PHI,51,31,2,82,14,17,26,10,4,6,4,29,29,9,26,26,17,10,4,4,5,21,4,27,6,19
Philadelphia 76ers,2017-18,NBA,PHI,52,30,3,82,14,5,22,1,9,17,2,5,22,1,29,29,2,20,4,6,5,26,21,15,11,11
Philadelphia 76ers,2016-17,NBA,PHI,28,54,4,82,19,19,16,21,5,5,15,26,25,15,27,27,19,26,24,27,13,27,27,4,19,24
Philadelphia 76ers,2015-16,NBA,PHI,10,72,5,82,9,26,23,25,5,4,20,29,27,19,30,29,30,21,30,30,24,25,28,10,25,29
Philadelphia 76ers,2014-15,NBA,PHI,18,64,4,82,9,13,9,15,17,17,17,12,10,16,24,25,21,23,29,30,26,30,27,2,16,20
Philadelphia 76ers,2013-14,NBA,PHI,19,63,5,82,17,28,24,28,29,29,25,23,13,30,30,30,10,27,29,29,30,29,30,1,15,30
Philadelphia 76ers,2012-13,NBA,PHI,34,48,4,82,6,12,12,16,9,12,9,18,14,19,10,9,21,14,27,26,19,4,13,19,30,10
Philadelphia 76ers,2011-12,NBA,PHI,35,31,3,66,6,3,11,3,3,2,6,10,21,3,6,6,14,5,29,25,7,1,12,21,30,3
Philadelphia 76ers,2010-11,NBA,PHI,41,41,3,82,26,11,14,9,6,9,6,14,23,9,18,18,24,15,24,22,17,11,14,13,28,12
Philadelphia 76ers,2009-10,NBA,PHI,27,55,4,82,15,17,8,22,28,21,30,11,7,18,16,16,24,14,12,12,22,22,3,11,30,18
Orlando Magic,2020-21,NBA,ORL,21,51,5,72,8,22,23,21,25,25,21,14,9,22,4,4,24,12,29,28,27,15,24,24,20,20
Orlando Magic,2019-20,NBA,ORL,33,40,2,73,21,21,15,18,21,16,23,17,15,17,5,6,14,6,26,22,23,8,15,11,20,14
Orlando Magic,2018-19,NBA,ORL,42,40,1,82,8,7,8,11,7,7,10,9,19,12,6,5,27,2,24,11,2,7,5,26,29,5
Orlando Magic,2017-18,NBA,ORL,25,57,4,82,5,22,21,21,8,8,14,29,26,17,16,14,21,27,26,28,23,18,19,17,24,21
Orlando Magic,2016-17,NBA,ORL,29,53,5,82,14,25,20,25,13,13,24,25,21,22,12,12,7,8,28,28,22,16,20,24,26,22
Orlando Magic,2015-16,NBA,ORL,35,47,5,82,27,16,7,20,19,20,19,13,6,22,17,21,6,13,21,18,21,13,21,11,30,18
Orlando Magic,2014-15,NBA,ORL,25,57,5,82,6,19,6,28,22,16,29,14,7,26,14,13,16,7,21,15,23,14,24,12,30,23
Orlando Magic,2013-14,NBA,ORL,23,59,5,82,28,20,21,13,16,13,26,17,18,12,13,12,29,10,27,27,21,5,22,23,30,17
Orlando Magic,2012-13,NBA,ORL,20,62,5,82,8,24,22,22,19,21,16,24,18,25,12,15,4,8,24,21,27,5,18,30,29,24
Orlando Magic,2011-12,NBA,ORL,37,29,3,66,16,12,9,15,12,11,13,11,12,16,5,4,30,1,17,13,12,9,2,29,13,7
Orlando Magic,2010-11,NBA,ORL,52,30,2,82,14,4,11,4,13,16,10,4,11,3,8,10,1,3,11,7,4,17,3,19,4,4
Orlando Magic,2009-10,NBA,ORL,59,23,1,82,3,8,16,1,12,11,23,8,20,1,3,3,10,3,14,8,2,6,1,27,4,4
Oklahoma City Thunder,2020-21,NBA,OKC,22,50,5,72,10,29,29,24,24,26,12,22,19,28,5,5,8,23,27,26,22,30,21,21,23,26
Oklahoma City Thunder,2019-20,NBA,OKC,44,28,2,72,16,20,21,10,9,14,3,23,23,14,6,4,30,22,15,18,8,6,2,15,3,11
Oklahoma City Thunder,2018-19,NBA,OKC,49,33,4,82,21,13,12,17,13,12,16,11,16,15,23,23,9,8,26,18,20,24,16,1,3,15
Oklahoma City Thunder,2017-18,NBA,OKC,48,34,2,82,20,9,7,12,25,24,19,3,3,12,14,13,17,11,6,5,14,15,9,1,3,10
Oklahoma City Thunder,2016-17,NBA,OKC,47,35,2,82,14,16,13,19,4,4,14,23,23,13,21,24,6,5,4,3,7,25,28,18,5,16
Oklahoma City Thunder,2015-16,NBA,OKC,55,27,1,82,13,16,27,5,12,14,8,21,28,7,18,18,16,22,1,2,10,26,11,26,15,15
Oklahoma City Thunder,2014-15,NBA,OKC,45,37,2,82,12,14,26,9,21,27,10,13,16,11,23,23,10,19,8,10,15,15,12,21,12,24
Oklahoma City Thunder,2013-14,NBA,OKC,59,23,1,82,10,8,18,3,27,28,14,3,9,4,18,25,1,18,4,3,13,24,5,9,18,12
Oklahoma City Thunder,2012-13,NBA,OKC,60,22,1,82,16,9,27,2,16,22,6,5,23,2,16,13,28,28,3,7,6,22,2,13,8,10
Oklahoma City Thunder,2011-12,NBA,OKC,47,19,1,66,22,16,28,4,14,17,9,16,27,4,22,21,28,29,1,12,9,25,13,19,11,17
Oklahoma City Thunder,2010-11,NBA,OKC,55,27,1,82,28,19,21,15,9,6,18,24,28,11,20,21,2,24,6,10,13,14,7,16,6,18
Oklahoma City Thunder,2009-10,NBA,OKC,50,32,4,82,15,10,14,7,7,10,3,12,21,7,18,17,21,25,7,10,7,21,14,5,11,11
New York Knicks,2020-21,NBA,NYK,41,31,3,72,21,1,5,1,10,21,1,3,5,5,13,17,4,10,17,16,6,3,25,23,29,1
New York Knicks,2019-20,NBA,NYK,21,45,5,66,6,2,2,17,14,10,28,1,2,11,15,18,1,2,4,3,3,1,13,27,28,4
New York Knicks,2018-19,NBA,NYK,17,65,5,82,8,19,16,22,19,17,24,15,15,20,21,22,14,20,30,29,23,11,26,23,14,22
New York Knicks,2017-18,NBA,NYK,29,53,4,82,20,16,17,11,24,22,20,9,10,11,24,23,22,21,10,16,22,22,14,28,28,20
New York Knicks,2016-17,NBA,NYK,31,51,3,82,22,22,24,13,15,23,7,19,16,20,22,22,13,29,14,26,8,15,10,25,29,23
New York Knicks,2015-16,NBA,NYK,32,50,3,82,9,13,25,10,4,6,7,22,25,9,15,15,12,19,15,16,3,6,5,30,27,10
New York Knicks,2014-15,NBA,NYK,17,65,5,82,14,10,3,27,24,13,30,8,4,19,27,27,25,15,17,16,13,23,7,17,25,21
New York Knicks,2013-14,NBA,NYK,37,45,3,82,17,4,1,19,28,27,27,1,1,18,25,23,24,6,15,10,3,1,2,14,22,8
New York Knicks,2012-13,NBA,NYK,54,28,1,82,2,5,2,19,25,25,15,3,1,23,18,16,16,1,19,11,3,1,3,10,18,8
New York Knicks,2011-12,NBA,NYK,36,30,2,66,9,10,6,10,24,20,23,7,6,9,23,24,3,8,16,15,3,24,18,2,2,11
New York Knicks,2010-11,NBA,NYK,42,40,2,82,5,27,25,26,16,14,25,27,26,23,24,24,14,26,28,28,8,13,9,6,16,28
New York Knicks,2009-10,NBA,NYK,29,53,3,82,22,29,27,30,21,23,14,29,23,30,9,9,9,27,28,28,18,17,13,13,29,28
New Orleans Pelicans,2020-21,NBA,NOP,31,41,4,72,21,19,21,19,29,27,25,8,6,18,11,11,28,3,6,3,25,20,30,18,2,24
New Orleans Pelicans,2019-20,NBA,NOP,30,42,5,72,16,27,26,19,17,15,18,28,27,16,25,24,28,17,19,19,18,30,17,12,10,28
New Orleans Pelicans,2018-19,NBA,NOP,33,49,4,82,5,29,28,21,27,26,25,24,25,19,19,19,11,22,16,20,29,28,23,16,13,27
New Orleans Pelicans,2017-18,NBA,NOP,48,34,2,82,30,28,30,9,20,25,8,28,29,10,12,9,28,29,23,25,20,22,4,11,13,29
New Orleans Pelicans,2016-17,NBA,NOP,34,48,4,82,28,23,28,8,27,27,10,13,17,11,5,5,4,21,30,30,20,11,7,16,23,17
New Orleans Pelicans,2015-16,NBA,NOP,30,52,5,82,6,24,10,27,23,22,25,20,9,27,25,22,29,3,27,19,21,9,15,19,17,26
New Orleans Pelicans,2014-15,NBA,NOP,45,37,5,82,7,18,11,23,2,3,2,28,26,21,12,10,24,10,5,5,8,3,28,28,29,11
New Orleans Pelicans,2013-14,NBA,NOP,34,48,5,82,17,12,5,24,14,20,13,11,4,27,28,29,8,15,8,9,20,4,29,15,19,19
New Orleans Pelicans,2012-13,NBA,NOH,27,55,5,82,8,13,4,26,24,19,27,10,3,27,13,11,19,2,6,4,22,16,25,27,27,14
New Orleans Pelicans,2011-12,NBA,NOH,21,45,5,66,9,8,5,13,15,28,2,9,2,23,17,16,21,16,4,4,17,19,26,23,22,8
New Orleans Pelicans,2010-11,NBA,NOH,46,36,3,82,14,6,2,13,19,19,12,2,1,16,5,4,22,1,12,3,15,1,17,10,20,5
New Orleans Pelicans,2009-10,NBA,NOH,37,45,5,82,17,26,15,28,19,19,18,26,13,29,5,4,8,11,21,17,26,12,12,14,26,21
Minnesota Timberwolves,2020-21,NBA,MIN,23,49,4,72,16,27,20,28,21,12,30,23,25,19,27,26,23,20,23,22,29,16,26,3,8,29
Minnesota Timberwolves,2019-20,NBA,MIN,19,45,5,64,1,6,6,25,3,2,20,12,9,23,14,12,24,4,9,8,2,3,19,21,23,7
Minnesota Timberwolves,2018-19,NBA,MIN,36,46,5,82,17,22,20,23,29,24,29,8,11,16,12,11,15,26,9,17,27,1,25,11,8,23
Minnesota Timberwolves,2017-18,NBA,MIN,47,35,4,82,16,19,10,29,19,18,18,18,8,29,11,11,24,15,3,3,21,1,12,4,5,17
Minnesota Timberwolves,2016-17,NBA,MIN,31,51,5,82,14,20,7,28,18,14,23,15,8,29,13,13,8,10,1,2,18,18,19,14,7,18
Minnesota Timberwolves,2015-16,NBA,MIN,29,53,5,82,23,27,16,28,21,24,17,24,11,28,12,9,18,17,3,7,20,17,17,13,7,23
Minnesota Timberwolves,2014-15,NBA,MIN,16,66,5,82,9,30,22,30,26,22,28,30,18,30,7,6,26,26,12,17,25,26,26,9,5,30
Minnesota Timberwolves,2013-14,NBA,MIN,40,42,3,82,17,29,26,29,18,18,19,28,24,28,1,1,14,19,26,28,23,21,23,3,2,26
Minnesota Timberwolves,2012-13,NBA,MIN,31,51,5,82,2,21,14,24,13,11,23,22,16,24,4,5,14,4,18,16,16,20,24,4,2,15
Minnesota Timberwolves,2011-12,NBA,MIN,26,40,5,66,9,29,29,22,9,12,7,29,29,21,9,8,17,20,24,23,21,26,24,27,3,25
Minnesota Timberwolves,2010-11,NBA,MIN,17,65,5,82,5,25,28,23,29,30,27,21,15,24,28,28,28,20,22,23,30,30,21,12,15,30
Minnesota Timberwolves,2009-10,NBA,MIN,15,67,5,82,7,28,28,25,30,29,25,27,18,27,17,15,29,19,25,26,30,30,25,16,17,29
Milwaukee Bucks,2020-21,NBA,MIL,46,26,1,72,8,23,30,5,30,28,29,10,17,2,3,1,17,9,13,13,17,6,15,20,24,22
Milwaukee Bucks,2019-20,NBA,MIL,56,17,1,73,23,11,29,1,30,30,15,3,19,1,9,8,25,15,30,27,19,16,10,14,6,17
Milwaukee Bucks,2018-19,NBA,MIL,60,22,1,82,8,12,30,1,30,30,22,4,18,1,1,4,1,9,20,15,19,3,12,21,21,11
Milwaukee Bucks,2017-18,NBA,MIL,44,38,3,82,20,13,4,20,9,7,25,15,12,15,27,25,27,19,8,12,18,4,7,2,16,16
Milwaukee Bucks,2016-17,NBA,MIL,42,40,2,82,7,8,5,17,20,22,9,8,4,24,15,14,12,19,8,8,26,13,9,9,24,9
Milwaukee Bucks,2015-16,NBA,MIL,33,49,5,82,13,11,6,17,25,27,15,4,2,21,21,20,23,26,7,10,28,22,26,8,21,17
Milwaukee Bucks,2014-15,NBA,MIL,41,41,3,82,26,1,4,5,20,26,8,1,3,9,22,22,6,22,7,12,18,27,16,1,17,8
Milwaukee Bucks,2013-14,NBA,MIL,15,67,5,82,22,22,12,25,26,19,30,15,10,23,17,18,6,26,17,23,22,20,20,21,14,25
Milwaukee Bucks,2012-13,NBA,MIL,38,44,3,82,16,23,24,15,7,9,8,28,28,14,21,19,20,29,30,30,21,18,9,2,22,20
Milwaukee Bucks,2011-12,NBA,MIL,31,35,3,66,2,18,23,16,19,21,17,20,19,15,25,23,29,27,25,27,22,11,6,4,17,22
Milwaukee Bucks,2010-11,NBA,MIL,35,47,3,82,14,3,3,6,2,5,2,10,8,7,15,11,21,5,27,21,6,2,16,7,19,3
Milwaukee Bucks,2009-10,NBA,MIL,46,36,2,82,30,2,3,10,2,2,7,7,8,8,26,27,23,1,27,24,4,10,21,4,20,7
Miami Heat,2020-21,NBA,MIA,40,32,2,72,13,3,2,6,27,29,15,1,1,20,6,6,20,8,11,10,23,13,4,5,10,5
Miami Heat,2019-20,NBA,MIA,44,29,1,73,27,10,14,7,28,28,6,6,6,15,22,20,22,13,13,11,21,20,4,16,7,18
Miami Heat,2018-19,NBA,MIA,39,43,3,82,2,2,6,2,21,21,17,2,2,2,14,13,18,13,7,9,4,15,11,13,22,2
Miami Heat,2017-18,NBA,MIA,44,38,1,82,29,4,6,7,6,6,13,8,16,7,25,22,26,6,19,15,3,13,10,18,21,4
Miami Heat,2016-17,NBA,MIA,41,41,3,82,7,6,10,7,1,1,3,20,28,5,19,17,27,14,18,15,2,5,14,19,27,5
Miami Heat,2015-16,NBA,MIA,48,34,1,82,13,8,13,9,3,3,12,19,24,6,7,5,27,10,6,6,2,10,4,27,20,5
Miami Heat,2014-15,NBA,MIA,37,45,3,82,2,5,1,19,19,20,20,4,1,23,13,16,1,14,2,2,11,18,8,11,8,6
Miami Heat,2013-14,NBA,MIA,54,28,1,82,22,6,2,16,24,26,18,2,2,20,9,10,5,17,2,2,12,23,1,2,16,5
Miami Heat,2012-13,NBA,MIA,66,16,1,82,25,6,10,6,21,24,11,4,5,10,9,8,27,20,5,5,5,17,1,5,10,5
Miami Heat,2011-12,NBA,MIA,46,20,1,66,24,7,8,5,29,27,26,1,5,5,8,12,1,10,3,1,8,26,3,3,8,4
Miami Heat,2010-11,NBA,MIA,58,24,1,82,5,5,13,2,18,21,9,1,7,4,10,17,3,9,2,2,5,9,1,28,5,6
Miami Heat,2009-10,NBA,MIA,47,35,3,82,22,1,5,2,14,20,5,1,3,2,19,20,11,8,15,11,1,3,6,12,25,2
Memphis Grizzlies,2020-21,NBA,MEM,38,34,2,72,16,13,16,11,18,18,18,12,10,11,20,15,27,12,20,18,19,18,20,7,25,16
Memphis Grizzlies,2019-20,NBA,MEM,34,39,3,73,21,22,25,9,26,25,24,13,21,6,29,27,21,23,20,21,24,26,25,9,17,26
Memphis Grizzlies,2018-19,NBA,MEM,33,49,3,82,25,1,1,7,16,15,21,1,1,8,27,27,29,5,17,12,6,18,13,6,9,3
Memphis Grizzlies,2017-18,NBA,MEM,22,60,5,82,1,1,1,17,16,12,21,1,2,18,30,30,18,12,12,8,9,21,23,9,10,13
Memphis Grizzlies,2016-17,NBA,MEM,43,39,3,82,28,1,1,3,19,21,11,1,1,7,28,29,2,6,11,7,3,6,18,13,4,3
Memphis Grizzlies,2015-16,NBA,MEM,42,40,3,82,13,3,1,18,29,28,22,1,1,23,28,26,24,12,12,11,13,3,29,3,9,11
Memphis Grizzlies,2014-15,NBA,MEM,55,27,2,82,24,4,5,10,18,21,18,3,6,10,2,2,7,8,11,8,4,8,20,8,15,2
Memphis Grizzlies,2013-14,NBA,MEM,50,32,3,82,10,3,3,9,13,11,12,4,6,11,5,4,27,2,1,1,4,7,19,20,29,3
Memphis Grizzlies,2012-13,NBA,MEM,56,26,2,82,11,1,1,3,3,6,2,2,4,3,8,10,12,3,4,1,4,6,19,6,13,1
Memphis Grizzlies,2011-12,NBA,MEM,41,25,2,66,9,4,3,12,13,13,11,4,4,13,21,22,25,12,8,7,4,16,22,1,18,5
Memphis Grizzlies,2010-11,NBA,MEM,46,36,4,82,22,9,7,14,27,23,24,9,5,14,12,12,11,18,4,8,14,20,30,1,8,13
Memphis Grizzlies,2009-10,NBA,MEM,40,42,4,82,27,27,24,24,25,26,15,25,14,28,7,7,12,15,2,7,23,24,28,17,2,24
Los Angeles Lakers,2020-21,NBA,LAL,42,30,3,72,26,5,6,8,3,4,4,13,16,9,9,8,12,2,9,4,13,26,8,4,3,2
Los Angeles Lakers,2019-20,NBA,LAL,52,19,1,71,9,9,10,8,10,12,7,9,12,8,15,14,20,11,6,6,10,26,1,6,8,8
Los Angeles Lakers,2018-19,NBA,LAL,37,45,4,82,8,21,28,9,20,27,13,16,24,10,17,14,28,27,23,26,21,26,20,12,15,21
Los Angeles Lakers,2017-18,NBA,LAL,35,47,3,82,28,24,28,10,14,20,3,26,25,13,20,20,10,23,22,24,16,25,26,16,9,25
Los Angeles Lakers,2016-17,NBA,LAL,26,56,4,82,1,28,17,30,24,19,26,28,12,30,18,19,5,17,23,23,30,25,26,11,28,28
Los Angeles Lakers,2015-16,NBA,LAL,17,65,5,82,3,28,24,29,15,17,11,30,18,29,13,16,1,20,28,27,30,11,25,28,24,27
Los Angeles Lakers,2014-15,NBA,LAL,21,61,5,82,26,28,13,29,26,23,26,18,8,29,29,29,9,6,27,22,29,10,17,24,23,29
Los Angeles Lakers,2013-14,NBA,LAL,27,55,5,82,1,30,30,26,20,22,17,30,29,25,12,14,2,30,30,30,29,30,16,19,27,29
Los Angeles Lakers,2012-13,NBA,LAL,45,37,3,82,6,30,30,14,18,20,14,29,29,15,2,2,3,23,14,19,23,29,13,29,1,22
Los Angeles Lakers,2011-12,NBA,LAL,41,25,1,66,26,22,30,9,23,25,14,22,28,7,1,1,6,19,7,9,23,28,8,30,10,15
Los Angeles Lakers,2010-11,NBA,LAL,57,25,1,82,14,13,27,5,20,28,3,11,20,5,1,1,16,29,7,19,22,12,11,23,18,8
Los Angeles Lakers,2009-10,NBA,LAL,57,25,1,82,17,14,23,5,11,25,1,13,16,12,2,2,7,17,20,18,21,10,9,18,12,9
Los Angeles Clippers,2020-21,NBA,LAC,47,25,2,72,1,9,7,13,6,7,6,15,14,14,10,9,13,5,1,1,3,7,5,22,27,4
Los Angeles Clippers,2019-20,NBA,LAC,49,23,2,72,13,12,23,3,20,24,5,10,17,2,20,23,3,26,17,20,15,17,15,18,2,16
Los Angeles Clippers,2018-19,NBA,LAC,48,34,2,82,17,18,25,14,6,8,5,28,28,14,28,28,24,28,11,19,11,25,30,24,1,25
Los Angeles Clippers,2017-18,NBA,LAC,42,40,2,82,1,19,23,13,18,21,9,20,18,14,21,21,25,28,13,17,24,27,29,21,2,24
Los Angeles Clippers,2016-17,NBA,LAC,51,31,2,82,2,11,14,11,9,11,8,12,14,9,16,16,17,14,13,12,17,7,1,22,1,12
Los Angeles Clippers,2015-16,NBA,LAC,53,29,2,82,13,5,15,2,8,10,5,6,19,3,24,25,10,28,24,29,7,4,1,9,2,7
Los Angeles Clippers,2014-15,NBA,LAC,56,26,2,82,2,7,7,11,23,25,15,5,5,12,28,28,5,9,16,13,21,2,1,15,3,16
Los Angeles Clippers,2013-14,NBA,LAC,57,25,1,82,3,13,23,5,9,14,1,18,21,10,22,22,12,29,11,25,25,3,3,7,3,14
Los Angeles Clippers,2012-13,NBA,LAC,56,26,1,82,2,3,3,10,23,18,26,1,2,6,25,25,13,10,1,2,14,8,4,1,7,4
Los Angeles Clippers,2011-12,NBA,LAC,40,26,2,66,16,5,1,14,26,24,27,2,1,12,27,27,8,6,5,2,16,2,5,16,5,13
Los Angeles Clippers,2010-11,NBA,LAC,32,50,4,82,20,15,17,11,25,25,20,12,10,12,25,25,23,21,8,9,22,27,18,21,2,20
Los Angeles Clippers,2009-10,NBA,LAC,29,53,3,82,1,21,18,21,18,12,22,21,24,21,12,12,20,13,16,13,27,29,9,26,27,19
Indiana Pacers,2020-21,NBA,IND,34,38,2,72,26,26,26,16,4,2,16,30,30,7,25,26,19,30,21,25,28,11,23,8,26,25
Indiana Pacers,2019-20,NBA,IND,45,28,2,73,26,14,22,6,11,17,4,15,20,9,11,9,27,24,23,23,12,5,14,10,24,13
Indiana Pacers,2018-19,NBA,IND,48,34,2,82,1,3,3,6,14,14,14,3,3,7,4,6,7,17,3,5,13,13,21,5,23,1
Indiana Pacers,2017-18,NBA,IND,48,34,2,82,9,15,11,18,15,23,5,12,5,27,6,5,7,21,8,14,12,3,25,3,26,9
Indiana Pacers,2016-17,NBA,IND,42,40,3,82,22,7,11,10,25,25,13,5,6,12,24,20,30,24,19,21,11,20,16,6,20,14
Indiana Pacers,2015-16,NBA,IND,45,37,2,82,23,9,16,6,13,19,3,9,17,13,14,13,11,17,19,20,4,16,9,7,13,8
Indiana Pacers,2014-15,NBA,IND,38,44,4,82,14,3,8,3,5,6,11,9,21,3,21,21,18,2,20,10,2,13,14,26,4,4
Indiana Pacers,2013-14,NBA,IND,56,26,1,82,7,1,14,1,3,5,4,5,23,1,6,6,11,9,7,5,1,8,14,26,6,2
Indiana Pacers,2012-13,NBA,IND,49,32,1,81,1,2,14,1,1,2,1,6,27,1,7,7,23,17,8,6,2,9,20,26,3,2
Indiana Pacers,2011-12,NBA,IND,42,24,2,66,22,8,12,6,21,22,16,5,9,6,24,25,2,24,12,17,6,3,27,10,4,10
Indiana Pacers,2010-11,NBA,IND,37,45,2,82,5,17,23,7,12,11,17,16,24,6,23,23,4,23,25,25,7,21,25,17,7,17
Indiana Pacers,2009-10,NBA,IND,32,50,4,82,1,19,25,13,10,9,21,19,27,5,29,29,14,28,30,29,13,28,18,8,14,23
Houston Rockets,2020-21,NBA,HOU,17,55,5,72,2,25,18,27,23,19,27,19,12,25,23,24,21,18,30,30,21,27,21,11,14,27
Houston Rockets,2019-20,NBA,HOU,44,28,1,72,13,26,24,14,17,23,8,27,24,20,19,19,8,29,29,29,26,25,18,3,11,24
Houston Rockets,2018-19,NBA,HOU,53,29,1,82,17,10,5,19,3,4,2,20,13,23,21,20,16,23,10,16,7,11,8,9,24,10
Houston Rockets,2017-18,NBA,HOU,65,17,1,82,9,17,14,16,9,11,7,19,14,21,4,6,3,3,15,4,11,11,5,10,11,6
Houston Rockets,2016-17,NBA,HOU,55,27,2,82,7,27,27,23,22,25,4,27,18,28,11,10,23,23,17,19,27,24,17,5,8,26
Houston Rockets,2015-16,NBA,HOU,41,41,4,82,13,22,21,19,28,29,21,12,4,24,23,24,15,30,10,21,29,29,13,1,1,25
Houston Rockets,2014-15,NBA,HOU,56,26,1,82,9,15,25,12,8,18,1,21,23,17,20,19,17,29,13,19,12,29,22,3,7,17
Houston Rockets,2013-14,NBA,HOU,54,28,2,82,12,24,29,7,20,25,9,21,26,7,10,11,15,28,3,8,17,28,26,22,1,23
Houston Rockets,2012-13,NBA,HOU,45,37,3,82,8,26,28,17,28,27,22,21,22,16,17,12,29,5,12,11,18,28,26,14,9,28
Houston Rockets,2011-12,NBA,HOU,34,32,4,66,26,20,20,23,4,6,4,26,23,24,19,17,27,12,13,14,10,9,19,13,25,19
Houston Rockets,2010-11,NBA,HOU,43,39,5,82,22,29,29,22,4,1,15,30,30,18,17,13,30,25,20,24,12,15,22,21,8,22
Houston Rockets,2009-10,NBA,HOU,42,40,3,82,27,25,20,23,8,4,24,28,26,23,14,13,22,12,24,23,16,19,30,9,2,22
Golden State Warriors,2020-21,NBA,GSW,39,33,4,72,2,10,17,3,12,16,8,11,20,4,28,30,14,29,26,27,7,22,6,6,11,18
Golden State Warriors,2019-20,NBA,GSW,15,50,5,65,3,5,4,24,16,8,30,5,4,21,4,5,23,8,7,7,13,15,8,17,26,6
Golden State Warriors,2018-19,NBA,GSW,57,25,1,82,14,11,24,3,17,25,11,7,20,4,24,24,23,21,5,10,12,19,1,19,27,16
Golden State Warriors,2017-18,NBA,GSW,58,24,1,82,5,18,29,3,13,13,10,22,28,6,19,19,8,30,1,8,17,30,1,14,25,18
Golden State Warriors,2016-17,NBA,GSW,67,15,1,82,7,14,29,1,8,20,1,17,27,3,14,15,3,30,6,14,14,28,4,1,22,11
Golden State Warriors,2015-16,NBA,GSW,73,9,1,82,23,21,29,3,6,13,2,25,29,4,22,23,17,25,9,15,16,24,3,15,19,19
Golden State Warriors,2014-15,NBA,GSW,67,15,1,82,2,10,27,1,6,7,5,15,28,1,25,24,27,27,18,24,9,25,2,5,27,15
Golden State Warriors,2013-14,NBA,GSW,51,31,2,82,12,9,22,4,8,9,3,16,25,3,23,20,25,14,24,20,8,22,10,11,26,10
Golden State Warriors,2012-13,NBA,GSW,47,35,2,82,11,14,25,4,27,30,7,9,13,11,24,26,11,16,20,20,24,21,15,24,20,19
Golden State Warriors,2011-12,NBA,GSW,23,43,4,66,6,19,21,20,27,26,28,18,17,17,28,28,9,30,27,30,25,11,15,12,29,28
Golden State Warriors,2010-11,NBA,GSW,36,46,3,82,14,22,19,21,22,22,13,22,17,26,29,29,26,30,26,30,29,29,6,2,30,27
Golden State Warriors,2009-10,NBA,GSW,26,56,4,82,3,30,29,29,23,16,28,30,29,26,30,30,25,30,29,30,29,26,17,1,10,30
Detroit Pistons,2020-21,NBA,DET,20,52,5,72,21,16,11,26,2,1,10,26,24,24,15,19,3,19,16,17,15,23,28,15,5,10
Detroit Pistons,2019-20,NBA,DET,20,46,4,66,6,8,5,28,1,1,19,18,11,24,3,3,18,11,2,2,5,19,22,25,26,3
Detroit Pistons,2018-19,NBA,DET,41,41,3,82,21,6,2,24,1,2,9,21,17,22,18,21,5,3,12,6,8,5,17,14,11,7
Detroit Pistons,2017-18,NBA,DET,39,43,4,82,16,12,13,14,23,27,12,7,7,16,4,2,23,8,21,21,27,9,17,8,27,8
Detroit Pistons,2016-17,NBA,DET,37,45,5,82,14,9,8,20,11,8,21,11,10,14,8,8,25,1,25,10,21,4,6,27,30,7
Detroit Pistons,2015-16,NBA,DET,44,38,3,82,23,19,11,22,2,2,16,28,26,16,5,3,28,1,16,8,9,4,9,22,5,12
Detroit Pistons,2014-15,NBA,DET,32,50,5,82,12,17,13,21,14,8,21,17,17,20,11,5,29,11,22,20,28,5,15,18,24,14
Detroit Pistons,2013-14,NBA,DET,29,53,4,82,7,25,15,27,23,23,21,20,12,29,15,16,13,20,18,19,27,25,18,12,12,27
Detroit Pistons,2012-13,NBA,DET,29,53,4,82,11,15,13,21,15,16,18,15,8,22,20,17,25,18,11,14,17,26,21,22,15,18
Detroit Pistons,2011-12,NBA,DET,25,41,4,66,16,13,4,25,6,3,20,15,8,25,20,20,26,4,9,8,24,30,21,17,16,14
Detroit Pistons,2010-11,NBA,DET,30,52,4,82,22,18,5,30,14,15,14,20,6,30,16,14,17,11,15,12,27,7,15,14,27,16
Detroit Pistons,2009-10,NBA,DET,27,55,5,82,7,9,1,26,24,16,29,4,1,25,23,22,26,5,9,4,25,5,16,15,16,14
Denver Nuggets,2020-21,NBA,DEN,47,25,2,72,28,7,3,18,20,22,11,5,4,26,17,16,9,4,2,1,24,12,7,14,15,8
Denver Nuggets,2019-20,NBA,DEN,46,27,1,73,27,18,13,15,19,18,17,14,13,18,12,15,6,18,8,12,30,12,9,13,13,19
Denver Nuggets,2018-19,NBA,DEN,54,28,1,82,2,5,4,15,10,13,1,6,4,21,7,9,2,7,2,1,16,14,14,17,20,6
Denver Nuggets,2017-18,NBA,DEN,46,36,5,82,27,26,19,30,21,10,30,25,20,24,7,8,1,14,2,2,25,20,16,22,6,22
Denver Nuggets,2016-17,NBA,DEN,40,42,4,82,2,30,25,29,16,10,28,30,29,27,9,9,26,7,3,4,25,22,15,30,13,27
Denver Nuggets,2015-16,NBA,DEN,33,49,4,82,13,19,12,21,23,18,27,14,10,17,19,19,20,9,11,9,25,20,30,20,11,22
Denver Nuggets,2014-15,NBA,DEN,30,52,4,82,19,27,19,25,10,12,12,26,22,25,30,30,14,17,28,27,20,10,29,14,10,27
Denver Nuggets,2013-14,NBA,DEN,36,46,4,82,3,26,27,15,11,10,7,27,27,14,29,28,22,23,23,26,19,27,24,16,7,28
Denver Nuggets,2012-13,NBA,DEN,57,25,2,82,28,22,29,11,29,29,20,13,19,12,15,21,2,30,6,10,25,18,28,3,4,23
Denver Nuggets,2011-12,NBA,DEN,38,28,2,66,24,27,26,24,30,30,30,12,11,20,7,7,20,14,6,5,27,20,30,6,1,29
Denver Nuggets,2010-11,NBA,DEN,50,32,2,82,1,21,26,16,23,29,8,19,16,21,19,19,8,9,19,18,20,19,27,20,1,21
Denver Nuggets,2009-10,NBA,DEN,53,29,1,82,7,16,17,14,13,14,13,15,17,14,27,26,27,26,17,20,18,13,23,7,1,20
Dallas Mavericks,2020-21,NBA,DAL,42,30,1,72,2,8,12,9,16,20,13,7,8,12,18,20,5,12,15,15,2,9,2,26,7,9
Dallas Mavericks,2019-20,NBA,DAL,43,32,2,75,30,30,30,13,24,26,10,30,30,13,8,10,7,27,28,28,21,12,7,28,4,27
Dallas Mavericks,2018-19,NBA,DAL,33,49,5,82,8,14,14,16,12,16,7,12,12,18,11,7,25,14,14,14,14,23,6,25,2,13
Dallas Mavericks,2017-18,NBA,DAL,24,58,4,82,16,14,5,23,16,16,15,10,6,25,13,16,6,5,29,27,15,7,8,23,20,12
Dallas Mavericks,2016-17,NBA,DAL,33,49,5,82,7,4,2,27,12,7,29,2,3,23,10,11,18,2,27,24,5,1,2,6,21,4
Dallas Mavericks,2015-16,NBA,DAL,42,40,2,82,30,14,18,15,22,26,9,11,5,20,11,12,4,16,26,24,14,11,8,18,8,14
Dallas Mavericks,2014-15,NBA,DAL,50,32,4,82,19,21,21,16,30,28,27,11,8,14,16,14,19,30,26,29,17,7,4,4,2,25
Dallas Mavericks,2013-14,NBA,DAL,49,33,4,82,12,14,10,22,22,24,15,13,7,26,20,19,17,24,10,16,15,17,4,5,21,20
Dallas Mavericks,2012-13,NBA,DAL,41,41,4,82,29,17,23,12,26,25,17,11,17,13,29,29,15,27,29,29,13,30,5,17,24,27
Dallas Mavericks,2011-12,NBA,DAL,36,30,3,66,26,11,17,7,28,29,12,8,7,8,11,11,12,9,28,26,13,29,1,14,27,12
Dallas Mavericks,2010-11,NBA,DAL,57,25,2,82,1,11,15,8,11,17,7,13,12,10,3,5,5,14,14,13,10,23,2,24,23,10
Dallas Mavericks,2009-10,NBA,DAL,55,27,1,82,22,18,19,15,16,18,10,17,19,15,7,5,16,20,23,25,9,7,5,10,21,15
Cleveland Cavaliers,2020-21,NBA,CLE,22,50,4,72,21,21,8,29,13,6,28,21,18,27,8,7,16,17,14,14,20,28,29,12,6,17
Cleveland Cavaliers,2019-20,NBA,CLE,19,46,5,65,3,13,7,30,8,4,26,16,8,29,2,2,11,3,1,1,14,29,29,30,29,5
Cleveland Cavaliers,2018-19,NBA,CLE,19,63,5,82,5,28,7,30,22,11,30,25,6,30,3,3,19,6,13,8,24,6,27,28,28,24
Cleveland Cavaliers,2017-18,NBA,CLE,50,32,1,82,5,30,25,28,28,29,22,24,13,28,3,4,5,18,17,18,28,12,3,26,7,26
Cleveland Cavaliers,2016-17,NBA,CLE,51,31,1,82,25,26,26,16,26,24,18,22,22,17,3,3,20,27,16,20,29,8,8,28,6,20
Cleveland Cavaliers,2015-16,NBA,CLE,57,25,1,82,21,6,5,14,9,7,13,7,12,15,10,11,5,5,8,5,8,7,7,24,12,4
Cleveland Cavaliers,2014-15,NBA,CLE,53,29,1,82,7,22,16,20,13,15,9,21,15,24,1,1,12,12,4,3,30,15,10,22,11,13
Cleveland Cavaliers,2013-14,NBA,CLE,33,49,3,82,26,16,20,12,30,30,22,8,5,13,8,8,16,5,22,15,28,6,27,24,24,16
Cleveland Cavaliers,2012-13,NBA,CLE,24,58,5,82,2,20,6,30,16,15,25,20,6,28,26,28,6,9,15,15,28,11,29,8,16,25
Cleveland Cavaliers,2011-12,NBA,CLE,21,45,5,66,16,26,21,27,25,18,24,24,18,27,12,13,11,18,22,20,25,20,28,22,6,26
Cleveland Cavaliers,2010-11,NBA,CLE,19,63,5,82,4,26,20,27,30,27,30,18,14,20,7,7,10,17,30,26,28,22,28,25,10,23
Cleveland Cavaliers,2009-10,NBA,CLE,61,21,1,82,7,6,11,4,14,15,11,6,9,3,11,11,15,2,3,2,10,4,2,28,15,6
Chicago Bulls,2020-21,NBA,CHI,31,41,3,72,13,17,13,23,5,5,7,24,23,23,18,18,10,1,12,5,10,29,18,24,30,14
Chicago Bulls,2019-20,NBA,CHI,22,43,3,65,2,1,1,27,2,3,12,4,1,28,17,17,5,6,5,4,7,14,24,2,30,2
Chicago Bulls,2018-19,NBA,CHI,22,60,4,82,28,24,15,27,24,20,26,18,10,25,9,8,10,11,28,25,22,9,28,22,30,20
Chicago Bulls,2017-18,NBA,CHI,27,55,5,82,24,23,20,27,30,30,24,14,4,30,10,7,29,1,30,26,29,5,24,24,29,27
Chicago Bulls,2016-17,NBA,CHI,41,41,4,82,7,17,22,14,6,9,6,24,24,16,2,2,11,17,12,13,23,10,12,20,25,6
Chicago Bulls,2015-16,NBA,CHI,42,40,4,82,27,25,30,8,11,8,10,27,30,8,4,8,3,29,20,25,19,19,27,29,26,16
Chicago Bulls,2014-15,NBA,CHI,50,32,2,82,19,16,29,4,3,3,3,27,29,2,5,8,15,27,9,14,5,12,25,29,6,9
Chicago Bulls,2013-14,NBA,CHI,48,34,2,82,26,2,9,2,3,3,8,7,20,2,3,3,9,13,6,7,2,14,28,16,10,1
Chicago Bulls,2012-13,NBA,CHI,45,37,2,82,16,4,8,9,2,1,5,16,24,5,14,18,7,11,10,9,1,6,22,23,17,3
Chicago Bulls,2011-12,NBA,CHI,50,16,1,66,9,6,19,2,1,1,3,14,30,1,3,3,4,17,1,3,2,6,20,26,28,1
Chicago Bulls,2010-11,NBA,CHI,62,20,1,82,14,2,9,1,1,4,1,7,19,1,9,8,15,4,1,1,2,7,26,15,24,2
Chicago Bulls,2009-10,NBA,CHI,41,41,3,82,27,12,26,3,27,28,12,9,12,4,13,14,2,18,22,22,15,13,23,24,24,13
Charlotte Hornets,2020-21,NBA,CHO,33,39,4,72,10,15,14,17,28,30,17,4,3,30,1,3,1,27,18,19,30,24,14,9,21,13
Charlotte Hornets,2019-20,NBA,CHO,23,42,3,65,5,3,3,23,7,9,11,7,3,30,1,1,4,16,3,5,17,11,11,24,25,1
Charlotte Hornets,2018-19,NBA,CHO,39,43,2,82,17,20,13,25,25,22,23,14,7,24,5,2,30,12,25,21,26,4,29,17,18,17
Charlotte Hornets,2017-18,NBA,CHO,36,46,3,82,14,25,24,22,26,19,27,23,19,19,2,1,30,2,25,19,26,2,20,24,1,19
Charlotte Hornets,2016-17,NBA,CHO,36,46,4,82,19,18,21,15,30,30,25,7,5,21,1,1,21,3,26,22,28,2,28,23,15,13
Charlotte Hornets,2015-16,NBA,CHO,48,34,3,82,21,12,18,12,18,23,14,7,15,14,3,4,25,2,29,22,23,2,21,21,14,9
Charlotte Hornets,2014-15,NBA,CHO,33,49,4,82,24,9,18,8,15,11,22,10,20,7,6,4,30,1,30,21,15,1,23,27,9,7
Charlotte Hornets,2013-14,NBA,CHA,43,39,3,82,25,10,16,6,19,16,24,9,15,5,2,2,18,1,28,21,9,2,21,28,9,4
Charlotte Hornets,2012-13,NBA,CHA,21,61,4,82,11,27,17,27,30,28,29,19,7,26,11,14,9,25,25,27,30,2,30,21,6,29
Charlotte Hornets,2011-12,NBA,CHA,7,59,5,66,4,28,18,29,9,8,22,28,22,29,15,15,13,21,30,29,28,11,25,25,9,27
Charlotte Hornets,2010-11,NBA,CHA,34,48,4,82,12,8,8,10,24,26,16,8,3,15,13,9,29,2,10,5,18,16,29,27,13,11
Charlotte Hornets,2009-10,NBA,CHA,44,38,4,82,22,5,7,6,26,30,2,2,2,13,1,1,1,9,5,6,11,20,29,3,6,1
Brooklyn Nets,2020-21,NBA,BRK,48,24,2,72,16,20,25,7,22,23,14,16,22,6,16,14,11,26,3,12,8,16,9,26,18,21
Brooklyn Nets,2019-20,NBA,BRK,35,37,4,72,20,23,27,5,14,21,9,21,29,5,13,13,13,25,22,24,6,21,23,26,9,22
Brooklyn Nets,2018-19,NBA,BRK,42,40,4,82,30,23,27,12,5,9,3,30,30,11,16,16,22,24,18,24,10,22,22,20,7,18
Brooklyn Nets,2017-18,NBA,BRK,28,54,5,82,24,27,27,19,2,1,23,30,30,9,23,24,14,25,28,30,5,15,27,30,19,28
Brooklyn Nets,2016-17,NBA,BRK,20,62,5,82,2,29,30,18,20,17,22,29,30,10,26,26,15,27,29,29,16,30,30,21,9,29
Brooklyn Nets,2015-16,NBA,BRK,21,61,4,82,4,30,22,30,27,25,24,26,14,30,2,1,22,14,14,12,27,27,18,16,28,24
Brooklyn Nets,2014-15,NBA,BRK,38,44,3,82,26,26,20,22,25,24,23,16,14,22,4,9,2,21,19,23,27,17,11,20,18,18
Brooklyn Nets,2013-14,NBA,BRK,44,38,2,82,22,7,4,17,17,17,23,6,3,17,21,21,19,21,13,18,11,10,9,6,11,11
Brooklyn Nets,2012-13,NBA,BRK,49,33,2,82,21,16,9,23,4,3,21,23,21,20,1,1,1,7,2,3,9,10,12,25,5,6
Brooklyn Nets,2011-12,NBA,NJN,22,44,5,66,4,23,10,28,18,9,29,23,15,28,14,18,5,22,14,19,29,22,16,18,19,24
Brooklyn Nets,2010-11,NBA,NJN,24,58,4,82,28,16,12,19,10,10,19,17,18,17,21,22,6,7,21,20,21,4,13,30,25,15
Brooklyn Nets,2009-10,NBA,NJN,12,70,5,82,7,20,9,27,3,3,27,24,22,24,15,18,6,22,26,27,28,25,21,19,23,17
Boston Celtics,2020-21,NBA,BOS,36,36,4,72,13,6,4,14,16,15,22,6,7,10,26,25,22,7,7,6,9,10,11,13,13,11
Boston Celtics,2019-20,NBA,BOS,48,24,2,72,16,7,11,4,13,20,2,8,10,7,23,22,9,19,14,16,4,9,27,7,16,10
Boston Celtics,2018-19,NBA,BOS,49,33,3,82,8,4,9,4,15,22,6,5,5,13,13,16,12,16,22,22,8,2,2,7,26,8
Boston Celtics,2017-18,NBA,BOS,55,27,2,82,16,3,12,2,4,9,1,6,17,5,15,15,12,13,20,22,4,7,6,19,22,3
Boston Celtics,2016-17,NBA,BOS,53,29,1,82,2,12,15,9,7,14,2,14,13,19,25,25,9,25,20,25,12,17,23,17,11,15
Boston Celtics,2015-16,NBA,BOS,48,34,2,82,6,10,20,7,7,11,4,15,22,11,27,28,14,24,22,26,6,14,24,2,10,13
Boston Celtics,2014-15,NBA,BOS,40,42,2,82,19,23,23,17,9,10,4,24,24,18,19,17,20,13,25,26,14,6,21,10,26,21
Boston Celtics,2013-14,NBA,BOS,25,57,4,82,2,17,11,23,5,4,5,24,19,22,19,17,21,12,14,13,16,11,13,18,28,13
Boston Celtics,2012-13,NBA,BOS,41,40,3,81,20,7,11,7,10,13,4,8,11,8,23,23,8,21,23,22,8,13,10,11,19,7
Boston Celtics,2011-12,NBA,BOS,39,27,1,66,9,1,7,1,2,4,1,5,16,2,18,19,22,23,21,21,1,15,9,5,24,2
Boston Celtics,2010-11,NBA,BOS,56,26,1,82,5,1,4,3,3,2,5,2,9,2,14,16,9,8,4,4,1,9,10,5,22,1
Boston Celtics,2009-10,NBA,BOS,50,32,1,82,7,3,4,9,4,5,4,5,6,11,21,25,5,9,8,9,6,13,15,2,8,5
